file,sent_id,type,before_context,ours,reference,after_context,accept
br-a02,ssFA,replace,failure to enact it would,"""amount to","amount ""to",making a gift out of,
br-a02,PfTV,replace,soon between Reps. V. E.,Red,(Red),Berry and Joe Ratcliff. While,
br-a03,bIIX,replace,involved persons who had been,"subpoenaed,","subpenaed,",he would dismiss them. President,
br-a10,9HfG,replace,that a defendant actually have,conspired,conpired,to use the U.S. mails,
br-a11,M5Za,replace,were to end their victory,drought,draought,as they coasted along with,
br-a11,llCs,replace,"frames, Jack Fisher, the big",righthander,righthandler,who figures to be in,
br-a11,zeLF,replace,"her second straight victory, Norman","B. Small ,","B., Small,","Jr.'s Garden Fresh, a 3-year-old",
br-a12,I8sy,replace,Saturday over Oklahoma in the,cotton bowl.,Cotton Bowl.,That's because he already has,
br-a12,1XVn,replace,"you'll get the quick response,","""place kicker"".","""place-kicker"".","A 208-pound, 6-foot 1-inch senior",
br-a12,zc9V,replace,turn around. He really crucified,him. He,him he,nailed it for a yard,
br-a12,kalw,replace,"Saturday, Oct. 21. #HUDDLE HEARSAY#-",-Held,Held,out of Texas Tech's sweat-suits,
br-a12,kalw,replace,Raiders' 38-7 loss to Texas,A&M.,A&M,Because of its important game,
br-a12,BRUk,replace,rain Monday- mud or no,mud.,mud,"End Gene Raesz, who broke",
br-a12,VBFa,replace,week's idleness with an ankle,injury.,injury,The Texas Aggies got a,
br-a12,sd5n,replace,would not play against Trinity,Saturday.,Saturday,"Halfback Bud Priddy, slowed for",
br-a12,lUhT,replace,a productive pair in two,ex National,ex-National,"Football Leaguers, M. C. Reynolds",
br-a12,nXLQ,replace,"injury. ""Our interior line and",our,out,"linebackers played exceptionally well"", said",
br-a13,hiVy,replace,Bear's attack. After Al Paschal,grounded,gruonded,"out, Jay Cooke walked and",
br-a13,UDfL,replace,three of the Tribe's eight,hits.,hits,It was the season's first,
br-a13,BAvC,replace,of the lights are in,order.,order,The infield was well flooded,
br-a13,iGpG,replace,expanded outfield was much too,dark.,dark,Mary Dobbs Tuttle was back,
br-a13,WOoc,replace,Tuttle was back at the,organ.,organ,Among the spectators was the,
br-a13,oHxg,replace,Tsitouris at 8 o'clock Tuesday,night.,night,Ed Donnelly is still bothered,
br-a13,67Xz,replace,"manager. Only Bucky Harris, the","""boy manager""","""boy-manager""","of Washington in 1924, and",
br-a14,PB3W,replace,"achievement award"" to William A.",Bill,(Bill),"Shea, the awards list was",
br-a14,PB3W,replace,"the New York Chapter, Baseball",Writers,Writers',"Association of America, at the",
br-a14,Cbdv,replace,again and once more sliced,out-of-bounds.,out of bounds.,He hooked the next two,
br-a14,DWL+,replace,He hooked the next two,out-of-bounds,out of bounds,"on the opposite side. ""It",
br-a14,A/BA,replace,"""It is possible that I","over corrected"",","over-corrected"",",he said ruefully. Each of,
br-a15,/xnm,replace,seventh anniversary of his record,five home,five-home,run day against the Giants.,
br-a16,z2S0,replace,fly to collect his honor.,Hmpf.,Hmpf,But on to the frothier,
br-a16,KRw4,replace,But on to the frothier,"side,",side,"Johnny Weissmuller, the only real",
br-a17,v+zV,replace,"Tucson, Ariz., to New York",City.,City:,#SET FOR INFLUX# I can,
br-a17,GLh9,replace,Denton was her sister's maid,of,or,"honor, and Vernon Lewelleyn of",
br-a22,qtpU,replace,and nonviolent means at our,"disposal"".","disposal""",A prepared statement released by,
br-a22,7/6l,replace,theaters causes a drop in,"profits"".","profits""","Besides managers of downtown theaters,",
br-a28,ZsDf,replace,higher rate in the year,received.,received.#@#,The owner of a public,
br-a31,kuW5,replace,and stick to our community,singing. Andy Bartha,"singing, #ELSEWHERE# ANDY BARTHA",and his trio have booked,
br-a31,sGR0,replace,trio have booked into Oceania,Lounge. The,Lounge the,"Cumbancheros, Latin combo, open Tuesday",
br-a31,yv0u,replace,open Tuesday at the Four,O' Clock Club.,O'Clock Club,"""Flip"" Phillips for a return",
br-a31,Rwae,replace,LaSalle trio to the Jolly,Roger.,Roger,Dick Carroll and his accordion,
br-a31,xB20,replace,Restaurant on Sunman Restaurant on,Sunrise.,Sunrise,Louise Franklin cornering the gift,
br-a31,ChZV,replace,the Governor's Club Hotel this,week.,week,Sunday New Orleans brunches continue,
br-a31,x/Wk,replace,French buffets have been called,off.,off,Mackey Airline's new Sunshine Inn,
br-a31,1ZvD,replace,"this month, according to Hank",Johnson.,Johnson,Student Prince Lounge on Atlantic,
br-a31,zrva,replace,"""festival"" throughout October, with special",features.,features,Don Drinkhouse of Pal's Restaurant,
br-a31,FeTX,replace,"drums, hasn't seen his chum",since.,since,Steak House has such a,
br-a31,PS8J,replace,"ever sampled the exotic, peppery",fare). Pualani,fare.) #FACES IN PLACES# PUALANI,"and Randy Avon, Dave Searles,",
br-a31,mVFw,replace,Bob Neil at the Mouse,trap.,trap,Billy and Jean Moffett at,
br-a31,iuNK,replace,and Jean Moffett at the,Rickshaw.,Rickshaw,"Bea Morley, Jimmy Fazio, Jim",
br-a31,gqoM,replace,follow the program at 7:45,p.m. . The outstanding,p.m.. THE OUTSTANDING,family of Central Nazarene Church,
br-a32,ywOb,delete,"Omsk, Miss Pinsk, Miss Stalingr",-,,"oops, skip it. These qualities",
br-a32,HS88,replace,the USSR (Channel 9 at,9:30).,9:30),Person to Person ventilates the,
br-a32,/Nl0,replace,Southern California (Channel 5 at,10:30).,10:30),KQED Summer Music Festival features,
br-a32,zzLJ,replace,were happy to see me.,""" Tires","""Tires",OK? Check the oil and,
br-a33,mEZA,delete,undertaken the redecoration of the,*,,White House library as a,
br-a33,GXQT,replace,"of serious music"". He added","""I",""" I",think that sometimes in this,
br-a33,oeVM,replace,Rembrandt's self-portrait made him look,"""sad"". They","""sad"" they",noticed Roman buildings in the,
br-a33,DyuP,replace,to have a full-time music,"director,",director,"Richard Bales, I'm sure you've",
br-a33,DyuP,replace,"a full-time music director, Richard","Bales,",Bales,I'm sure you've heard af,
br-a36,5D1w,replace,,Sen. John. McClellan,SEN. JOHN L. McCLELLAN,of Arkansas and Rep. David,
br-a36,GE45,replace,back in 1937. He wrote:,"""","""(P. 211)",the anti-trust laws were the,
br-a36,dR7H,replace,the social structure. (P. 214),Anti-trust,anti-trust,laws became the greatest protection,
br-a36,e2JW,replace,uncontrolled business dictatorship. (P. 215),When,when,"corporate abuses were attacked, it",
br-a36,p7p0,replace,the anti-trust laws. (Pp. 228-229),In,in,"any event, it is obvious",
br-a39,1d9W,replace,"me, looks up, and says:",' You,'You,"stunk'"". Maris, in talking to",
br-a40,a03a,replace,"Khrushchev's most enthusiastic eulogizers, the",U.S.S.R.'sdaily,U.S.S.R.'s daily,"Izvestia, enterprisingly interviewed Red-prone Comedian",
br-a40,+EQJ,replace,"College, where he is a",B +,B&,student and star halfback. Charlayne,
br-a41,c/u/,replace,puzzle out the meaning of,""" la chatte ""","""la chatte""","and "" le chien """,
br-a41,c/u/,replace,""" la chatte "" and",""" le chien ""","""le chien""",and write his name. Some,
br-a41,q6ei,replace,"sang!"" (Not one drop of",blood!) .,blood!).,The Belgians would not fight,
br-a41,FhAO,replace,well-armed members of the Force,Publique -,Publique-,many of them drawn from,
br-a42,9SqO,replace,"hired a $10,000-per-year French-born maitre",d' hotel.,d'hotel.,,
br-a43,J9/T,replace,"plant, and you learn this:",""" One,","""One,",modern equipment- much of it,
br-a43,M73R,replace,half of these are exported.,""" Two,","""Two,",wage costs are a fraction,
br-a43,hGMP,replace,"example, earns $37 a week.",""" Three,","""Three,",labor troubles are infrequent. Fiat,
br-a43,umTw,replace,the U.S. balance of payments.,""" Hodges","""Hodges",predicted: 'I think we will,
br-a43,7PKI,replace,by rail from nearby mines.,U. S.,U.S.,"coal is cheap, despite high",
br-b01,7E+a,replace,The boost is helpful but,inadequate.,inadequate.-,"#THE END OF TRUJILLO# Assassination,",
br-b01,hD5O,replace,be needed. The NCTA is,well-advised,well advised,to seek funds for this,
br-b02,sEGt,replace,in Laos is peace not,war. A,war a,truly neutral government not a,
br-b02,mSvO,replace,and the House has let,f,them,die. But f year prospects,
br-b02,MwEE,replace,has let f die. But,f,this,year prospects may be better.,
br-b08,n3AN,replace,"no-o! Why, he's so darling","and ... "". "" I","and"" ""I","mean"", I went on ruthlessly,",
br-b11,KXUQ,replace,are still audible in party,circles).,circles.),Note: We've just received an,
br-b11,m0DL,replace,with striking consistency. Now listen,closely.,closely:,Moscow radio from the Literary,
br-b11,lDcE,replace,Literary Gazette in English to,England.,England:,"""President Kennedy once again interpreted",
br-b11,SrOM,replace,and the toast of two,"continents ""."" Remember","continents"" ""Remember",Fanny Brice promised my mother,
br-b12,T9cx,replace,Washington for the last time.,The 350 th,THE 350th,anniversary of the King James,
br-b13,CkXQ,replace,"natural honey hues, along with",lacy,lacey,open weaves with a lustre,
br-b13,oypz,replace,a brighter nautical vein is,Ile,Ille,de France blue. Contrast trim,
br-b13,ai6D,replace,but crisp texture. In a,lacy,lacey,open weave shoes have a,
br-b13,A1rO,replace,when holding the motor. The,brushes,bushes,can be cleaned and sterilized,
br-b13,wLgK,replace,a better job than ordinary,"brushing,","bushing,",especially in those who do,
br-b13,lbok,replace,Roy P. Basler. As a,contemporary,comtemporary,"bonus, the set includes Carl",
br-b13,qY8R,replace,to fortify himself against the,unforeseen,unforseen,upsets sure to arise in,
br-b14,1Cij,replace,became of old Joe and,Charlie;,Charlie,when one has inquired who,
br-b14,1Cij,replace,where it is they now,live;,live,when questions are asked and,
br-b14,1Cij,replace,and answered about families and,children;,"children,",and old professors; when the,
br-b14,1Cij,replace,families and children; and old,professors;,professors,when the game and its,
br-b14,1Cij,replace,its probable outcome has been,exhausted;,exhausted,that does it. #MIDDLE-AGED SPREAD#,
br-b14,of56,replace,finished a sentence of any,length;,length,"then, it is time to",
br-b14,/ost,replace,"anything, worse on the old",player.,player,He sits in the stands,
br-b14,i2WS,replace,be granted the opportunity to,complete,compelte,its work before choosing up,
br-b16,LaHa,replace,of this letter were made,available,avaliable,to the press and public.,
br-b19,+Obt,replace,should have signed his letter,""" Simpleton ""","""SIMPLETON""","instead of "" Simplicitude"". Such",
br-b19,+Obt,replace,""" Simpleton "" instead of",""" Simplicitude"".","""SIMPLICITUDE"".",Such kids only wind up,
br-b19,WMZl,replace,first half of the third,verse.,verse:,#OUT OF THE RACE# To,
br-b19,NxDy,replace,start on the road to,Totalitarianism.,Totalitarianism,The Commission has posted signs,
br-b19,1ub9,replace,motive? Who wants this deed,"done""? -","done""?-",in this small way do,
br-b19,9ERG,replace,"city, or of a nation,",inure,iniure,"the masses to watching, or",
br-b19,XUVv,replace,"rendered, what the birds would",ask.,ask:,#NOT PUSH-UPS BUT STAND-UPS# There,
br-b22,6319,replace,,One,resuming atmospheric tests. So the Commission's announcements,of the inescapable realities of,
br-b22,EGi6,replace,obvious- during the mid to,late' 50's -,late '50's-,the United States appeared to,
br-b23,/6vL,replace,"complaint in Browning's ""My Last","Duchess"".","Duchess"".)","He smiled, and said a",
br-b26,BbdI,replace,in the New York Times:,""" U. S.","""U.S.",Flier loses Plea. Indonesia Court,
br-b26,nj3r,replace,Indonesia Court Upholds Pope's Death,Sentence. -,Sentence.-,Indonesia Military Supreme Court has,
br-b26,VRzq,replace,"this table: Louis 14,- FDR.","""With",""" With",no strong men and no,
br-b26,9oGF,replace,"and decline"". Louis 15,- Eisenhower.","""He",""" he","opened his mouth, said little,",
br-b26,7hUr,replace,"at all"". Louis 16,- Kennedy.","""Not",""" not","completely virtuous, but completely incompetent"".",
br-b26,3ojs,replace,And Marie Antoinette- Jacqueline Bouvier.,"""the",""" the","beautiful and light-hearted"". French Revolution-",
br-b27,k984,replace,great writing and profound religion.,N. C. has said,N.C. HAS SAID,something important so well that,
br-b27,RhWE,replace,quote the whole piece. I,feel that N. C.,FEEL THAT N.C.,hit the very core of,
br-b27,vqn4,replace,in Southeast Asia or the,U. S. . Congratulations to N. C.,U.S.. CONGRATULATIONS TO N.C.,for successfully delving into the,
br-b27,elk3,replace,need in this amazing world.,N. C .'s editorial,N.C.'s EDITORIAL,"""Confrontation"" is a stunning piece",
br-b27,QFKK,delete,the Khrushchevs and the Castros,-,,but the Schweitzers and the,
br-b27,bC7L,replace,impression than the prepublication excerpt.,"Sir Robert Watson-Watt's "" rebuttal ""","SIR ROBERT WATSON-WATT'S ""rebuttal""",of Sir Charles Snow's Godkin,
br-b27,sy7J,replace,"and military strategists alike"" a",""" perverted conclusion ... nonsense "".","""perverted conclusion. nonsense"".","It submits an enthusiastic, impressionistic",
br-c01,v43G,replace,"romantic score, Schumann's Overture to","Manfred,","""Manfred"",","which suffered fate, this time",
br-c01,qu3N,replace,"serious misfortune, for it demands",translucent,transluscent,"textures, buoyant rhythms, and astringent",
br-c01,AFxT,replace,"the Meadows gallery, 3211 Ellis","Ave.,","av.,","week days, 3 p. m.",
br-c01,tVMk,replace,"Giovanni"", designed by Franco Zeffirelli.",H.,H,E. Bates has scribbled a,
br-c02,MC2v,replace,uncertain origin took hold. Samples,zoomed,soomed,into closeup range in regular,
br-c03,Unzz,replace,her best. The Rachmaninoff Prelude,"No .12,","No. 12,","Op. 32, for instance, gave",
br-c04,dPnV,replace,"begin, not to mention a",fledgling,fiedgling,"artist who he hires, and",
br-c04,rpMx,replace,"a rousing opening chorus, ""Where's","Charley?"" ,","Charley?"",",and Berman sifted out all,
br-c04,pARr,replace,of that distraction in this,"""Fiorello!"" )","""Fiorello!"")",It has all been done,
br-c05,ZtOY,replace,"a friend, ""is attempting the","impossible,",impossible,"namely, to produce upon the",
br-c06,IcpO,replace,of what went wrong this,way.,way:,"#DASHED HOPE# ""You see, first",
br-c08,NB3G,replace,"to Wander"", ""Alone Together"", ""Who","Cares?"" ,","Cares?"",","""Puttin' on the Ritz"", ""How",
br-c09,ooOV,replace,"note reads as follows: ""Take","hands,",hands,"this urgent visage beckons us"".",
br-c09,CKFP,replace,"Miss Tamiris' ""Once Upon a","Time "",","Time""","as well as her ""Women's",
br-c09,54gG,replace,"Miss Tamiris' ""Once Upon a","Time ""","Time""",is a problem piece about,
br-c09,FV/H,replace,them with extremely effective orchestral,accompaniment,accompanimen,Turning to the current musical,
br-c10,YAT2,delete,"lifted, allowing an intense awareness",...,,"a sharpening of the senses"".",
br-c10,s9rH,replace,"Dixieland One-Step"", ""Bourbon Street Parade"",",""" Panama"", "" Toot,","""Panama"", ""Toot,","Toot, Tootsie"", "" Oh Didn't",
br-c10,s9rH,replace,"Panama"", "" Toot, Toot, Tootsie"",",""" Oh","""Oh","Didn't He Ramble"", ""Beale Street",
br-c14,JtC8,replace,should welcome its super-charged impact.,""" Perhaps","""PERHAPS",it is better to stay,
br-c14,1B8d,replace,"and, of course, the trenchant",""" Rock","""Rock","'n' Roll"".",
br-c15,XGtR,replace,week of October. #MIDDLE ATLANTIC,STATES.,STATES._,The Adirondacks blaze brightest in,
br-c17,O5tn,replace,"cherry-flavored No-Cal, which sells for",59,59@,per 8-oz. glass. Grocery stores,
br-d02,1UW1,replace,also evidenced by the extreme,"""culture Protestantism""","""culture-Protestantism""",so often observed to characterize,
br-d02,/GXH,replace,the luxury of such smug,indignation?,indigation?,Can the church risk assuming,
br-d03,KXqo,replace,on the Catholic side. For,"""the tide","the ""tide","is well on the turn"",",
br-d03,LozM,replace,is the suggestion that they,"are' un English""'.","are 'un-English'"".","In this connection, it has",
br-d03,4S80,replace,was interesting to observe that,B.B.C. .'s,B.B.C.'s,television film on Christmas Eve,
br-d05,9Wg7,replace,"remember, this is Channing, not",Parker! -that,Parker!- that,should a minister in Boston,
br-d06,SbDP,replace,family of your earthly father.,""" God","""God","so loved the world, that",
br-d07,MXNZ,replace,,""" The","""The",Lord is my light and,
br-d07,VUV9,replace,"He said: ""Let there be","light""! -those","light""!- those",were His very first creative,
br-d07,aUDH,replace,into the midst of the,sea.,sea,"Come, behold the works of",
br-d08,/nD6,replace,"universe was ruled by Heaven,",T' ien -,T'ien-,"as a natural force, or",
br-d11,nCjn,replace,"men will choose the latter"".",""" If","""If",Philip Toynbee is claiming that,
br-d11,7Pm4,replace,was not only evil but,""" also","""also","irredeemably evil"", then he might",
br-d15,RwMG,replace,day going up Mount Tien,"Tai,",Tai,which was believed to have,
br-d15,nknP,replace,him as a true Mahayanist.,"(1) ""A","(1)"" A",second tale shows still more,
br-d16,YH2O,replace,God. All have gone astray,together.,together;,All have sinned and have,
br-d16,fic0,replace,"see the kingdom of God"".",""" Amen,","""Amen,","amen, I say to thee,",
br-d16,oEnL,replace,wonder that I said to,"thee,' You","thee, 'You","must be born again'"". St.",
br-d17,BCNt,replace,appear outside our windows shouting,""" Paredon! Paredon ""!","""Paredon! Paredon!""",What should I do? I,
br-e01,zq1J,replace,"things"" because ""you'll stunt your","growth ""","growth""",or because childish taunts from,
br-e01,zq1J,replace,"taunts from his schoolmates, like",""" Hey,","""Hey","lookit Mr. America, whaddya gonna",
br-e01,zq1J,replace,"like "" Hey, lookit Mr.","America,",America,whaddya gonna do with all,
br-e01,6DB1,replace,never had to train in,secret;,secret,has never heard one unkind,
br-e01,6DB1,replace,one unkind word from his,parents;,parents,and never has been taunted,
br-e01,n3Eo,replace,is our new Junior Mr.,Canada -,Canada-,Henri de Courcy. Far from,
br-e01,8hvM,delete,tibialis anticus of the leg,-,,"and better still, he knows",
br-e01,lhja,replace,who is our newest Mr.,Canada;,Canada,"Jean-Paul Senesac, whose story appeared",
br-e01,lhja,replace,story appeared here two issues,ago;,ago,"Jack Boissoneault, who was with",
br-e01,lhja,replace,who was with us last,month;,month,"Charles Harve, who recently won",
br-e01,lhja,replace,award in the Mr. Canada,event;,event,and a host of others.,
br-e01,nT7u,replace,and a host of others.,"Yesiree,",Yesiree,the professor knows his muscles!,
br-e01,DyAQ,replace,12 he was only 4',"10""",10'',tall and weighed an astounding,
br-e01,i0wA,replace,"could do for him. Well,","sir,",sir,they did real great! For,
br-e01,8NU5,delete,course he did some exercising,-,,he's crazy about water skiing,
br-e01,fk1W,replace,"Henri. ""It never seemed to","widen,",widen,it just got longer and,
br-e01,Bl2e,replace,of the upper back and,"chest,",chest,and the collar-to-collar Bench Press,
br-e01,7bva,replace,in alternate sectors by alternate,"exercises,",exercises,so the complete torso remains,
br-e01,fzWw,replace,width and mass in the,pecs. The,pecs the,dumbbell variation develops a most,
br-e01,8t9S,replace,the bodybuilder to use a,wide grip. He,w-i-d-e grip he,has to; he just can't,
br-e01,72b5,replace,that invariably wins contests that,"steel edged ""carved out of solid","steel-edged ""carved-out-of-solid","rock"" looks of the great",
br-e01,7y1Z,replace,rarely won on muscle size,alone. Rarer,alone rarer,still is a Mr. America,
br-e01,oMoM,delete,apart from all other bodybuilders,-,,"a criterion of muscle ""drama""",
br-e01,oMoM,delete,to judges and audiences alike,-,,the facet of muscular development,
br-e01,Jrnd,replace,when you make your first,"experiments,",experiments,just for safety. You should,
br-e02,mgdq,replace,fruit is then cooled to,"42' F.,","42'F.,",a temperature at which it,
br-e04,nrXx,replace,lyric beauties of Schubert's Trout,Quintet -,Quintet-,its elemental rhythms and infectious,
br-e04,KbGB,replace,and live music with our,responses,reponses,and behavior in different types,
br-e04,2uoV,replace,"it had been ""doctored for",super high,super-high,"fidelity"". The home listener is",
br-e05,qTMd,replace,Mrs. Long advised the Juniors:,""" When","""When",showing dogs ceases to be,
br-e05,iCod,replace,was awarded the Professional Handlers',"Ass' ns' Leonard Brumby, Sr.","Ass'ns' LEONARD BRUMBY, SR.",Memorial Trophy (named for the,
br-e05,ImlN,replace,"showing a Doberman Pinscher, was","2 nd. Susan Hackmann,","2nd. SUSAN HACKMANN,","age 14, from Baltimore, Md.,",
br-e07,n2Wa,replace,most of the bars being,"1 8 """,1/8'',"brass in 1 4 """,
br-e07,n2Wa,replace,"1 8 "" brass in","1 4 """,1/4'',"and 1 2 "" widths.",
br-e07,n2Wa,replace,"in 1 4 "" and","1 2 """,1/2'',widths. You may change the,
br-e07,hCWD,replace,of the same material but,"12 """,12'',"long. Let exactly 1 """,
br-e07,FlZE,replace,"12 "" long. Let exactly","1 """,1'',"of ""A"" extend beyond ""B""",
br-e07,n6b9,replace,12 pieces of **f cut,"5 - 3 4 ""long",5-3/4'' long,side by side but separated,
br-e07,n6b9,replace,pieces of the same material,"1 2"" sq. .",1/2'' sq..,This gives you the spacing,
br-e07,k/aF,replace,right angles. There should be,"10 ""between",10'' between,the two parallel members and,
br-e07,k/aF,replace,members and each should be,"1""",1'',from an end of the,
br-e07,bCql,replace,place) with a **f bar.,Tack solder,Tack-solder,"all the 1 2 """,
br-e07,bCql,replace,bar. Tack solder all the,"1 2 """,1/2'',sq. pieces to the 10,
br-e07,bCql,replace,""" sq. pieces to the","10 """,10'',"and 12 "" members. These",
br-e07,bCql,replace,"to the 10 "" and","12 """,12'',members. These will be drilled,
br-e07,a8HU,replace,spacers and locate the upper,"12 """,12'',"bar ""A"". Solder it and",
br-e07,+dHc,replace,frame. Now place 12 pieces,"1 2 """,1/2'',sq. on this edge as,
br-e07,+dHc,replace,and space them with the,"5 - 3 4 """,5-3/4'',"long ""tappets"", as they are",
br-e07,3ASz,replace,that the centers are about,"1 8 """,1/8'',from any edge. Drill all,
br-e07,JcS/,replace,frame except for the two,"12""",12'',and the first two 3,
br-e07,JcS/,replace,"12"" and the first two","3 - 3 4 """,3-3/4'',"bars (""A"" and ""B"" pieces),",
br-e07,AZvS,replace,not pinched by a twisted,"1 2 """,1/2'',sq. spacer. As an anchor,
br-e07,QAHT,replace,of **f brass bar stock,"3 - 3 4 """,3-3/4'',long. These are supporting members,
br-e07,Vxu3,replace,No. 28 holes in the,"12 """,12'',"long ""A"" pieces. Locate the",
br-e07,SNjq,replace,Drill a No. 50 hole,"1 - 1 4 """,1-1/4'',from one end and tap,
br-e07,rFFN,replace,"other end of the tappet,","1 4 ""plus",1/4'' plus,half the diameter of the,
br-e07,rFFN,replace,the 2-56 screw head (about,"5 64"")",5/64''),away from the frame edge.,
br-e07,KI40,replace,edge. Total distance is about,"21 64 "".",21/64''.,Tend to make this dimension,
br-e07,PiFR,replace,screw head to get exactly,"1 4 """,1/4'',tappet movement. Drill a No.,
br-e07,6Gt9,replace,bottom of Fig. 7. Bar,"""C""is 2 - 3 4 ""","""C"" is 2-3/4''","long. Draw file the edges,",
br-e07,KMbC,replace,"- 3 4 "" long.",Draw file,Draw-file,"the edges, square up the",
br-e07,dNc0,replace,drill the No. 31 hole,"7 16 """,7/16'',from one end of the,
br-e07,6gY0,replace,bar. Chuck a length of,"1 8 ""dia.",1/8'' dia.,drill rod into a drill,
br-e07,6gY0,replace,then file a slight taper,"1 8""",1/8'',long. Cut the piece about,
br-e07,UhNL,replace,long. Cut the piece about,"9 32 ""or 5 16""",9/32'' or 5/16'',long and drive it into,
br-e07,QTHo,replace,the bar and the top,"1 8 """,1/8'',above the bar. This dog,
br-e07,3/Sl,replace,with a carborundum disk about,".020 """,.020'',"thick and 1 "" dia.",
br-e07,3/Sl,replace,"about .020 "" thick and","1 """,1'',dia. fitted on a 1,
br-e07,3/Sl,replace,""" dia. fitted on a","1 8 """,1/8'',dia. mandrel. Such disks are,
br-e07,HO7t,replace,and fit basis. Chuck a,"2 """,2'',"or 3 "" piece of",
br-e07,HO7t,replace,"Chuck a 2 "" or","3 """,3'',"piece of 1 8 """,
br-e07,HO7t,replace,"or 3 "" piece of","1 8 """,1/8'',dia. drill rod in a,
br-e07,pQC8,replace,a sharp scribing point about,"3 64 """,3/64'',"long on one end, using",
br-e08,kj//,replace,The symbol for multiplication is,""""".","""@"".",It is used to separate,
br-e08,Jhh2,replace,in a row. For example:,**fNumbers,**f Numbers,to be multiplied together may,
br-e08,CHRT,replace,Addition is indicated by the,+,&,symbol. The symbol is used,
br-e08,rnio,replace,or more numbers. For example:,**fNumbers,**f Numbers,separated by addition symbols may,
br-e08,vQUC,replace,different steps will look like,this **f.,this: **f,#COMPRESSION RATIO# A cylinder's compression,
br-e08,Qh0L,replace,"previous example, the equation becomes:",* *,"**f To determine the rear axle gear ratio for a combination of the other three factors, the formula is: **f Using the figures from the previous examples, the equation becomes: **f",,
br-e09,9g5A,replace,"#ORLANDO, FLA., FEB. 2#-",-The,The,best 2-year-old pacing mile up,
br-e09,hSZO,replace,"#DEL MAR, CALIF., FEB. 3#-",-After,After,"52 rainless days, moisture finally",
br-e11,szT8,replace,,Livery Stable -,LIVERY STABLE-,"J. Vernon, Prop. Coaching had",
br-e11,szT8,replace,"Livery Stable - J. Vernon,",Prop.,"PROP"".",Coaching had declined considerably by,
br-e11,MYNM,replace,recipe from the Family Club's,kitchen.,kitchen:,#CLUB KEDGEREE# Flake (for three),
br-e11,cSoC,replace,it. The original formula goes,thus.,thus:,#OMELET ARBOGAST# Fry in butter,
br-e11,BG+v,replace,this original sauce: #WRIGHT'S DEVIL,sauce.,SAUCE#,Put into a saucepan a,
br-e11,ClkO,replace,"in his ledger, is basically",this.,this:,"#WRIGHT'S APPLE PIE# Peel, core,",
br-e12,+ADu,replace,"advance planning. For this reason,",U. S.,U.S.,Camera has prepared this special,
br-e14,wPcW,delete,can take it with you,-,,"a picnic bag, a grill,",
br-e14,D9AX,replace,"seeds, too, if you'd like.",1 2,1/2,cup minced celery 1/4 cup,
br-e15,sND1,replace,used. Clay was rolled to,"1 4 """,1/4'',thickness. Back of clay scored,
br-e15,XpXI,replace,"clay was used, rolled to","1 4 """,1/4'',thickness. Bisque fired to cone,
br-e15,xaLX,replace,"Red clay was used, rolled","1 2 """,1/2'',thick. Mold was used as,
br-e15,rgEw,replace,press three equally spaced holes,"1 4 """,1/4'',"deep, using pencil eraser, in",
br-e15,7wd1,replace,"or buff clay, rolled to","3 16 """,3/16'',thickness. Place patterns on rolled,
br-e15,/mc+,replace,so that they overlap about,"1 2 """,1/2'',and make even thickness. Place,
br-e15,+HZ/,replace,press eraser of pencil gently,"1 4 """,1/4'',deep into deep clay to,
br-e15,QFrO,replace,**f.) Roll white clay to,"3 16 """,3/16'',thickness. Use mold to cut,
br-e15,JcjF,replace,is a strip of clay,"1 2 ""wide",1/2'' wide,"and 3 - 1 2""",
br-e15,JcjF,replace,"clay 1 2 ""wide and","3 - 1 2""",3-1/2'',"long. To add handle, place",
br-e18,EBDJ,replace,arms in the war of,the' 60 s.,the '60s.,The bridge has survived the,
br-e18,ddNs,replace,"Never rebuilt, the bridge was",strengthened,strengtened,in 1938 by two extra,
br-e21,YvuE,replace,needs and objectives of your,organization,organtion,are; you must have a,
br-e21,JByr,replace,Many things need to be,checked.,checked:,#SIZE AND SHAPE#- The size,
br-e21,tB2l,replace,water to the site. #TOPOGRAPHY#-,-Topography,Topography,is very important. Check the,
br-e21,GzzB,replace,moving or grading might be.,-,#WATER#-,In addition to its recreation,
br-e21,nSoC,replace,to the use areas. #PLANTS#-,-The,The,existing plant growth calls for,
br-e21,isTs,replace,open areas is noted. #EXPOSURE#-,-How,How,"much will wind, rain, sun,",
br-e21,5rq8,replace,for the use intended. #IMPROVEMENTS#-,-Some,Some,areas may already have been,
br-e22,7Rj8,replace,the concert world of the,post World,post-World,"War 1, era. Prokofieff's outlook",
br-e22,yjn/,replace,shouting in his high-pitched voice:,"""it",""" it",may be a tour de,
br-e22,0MSE,replace,"du Printemps, his incisive Les",Noces -,Noces-,the world kept hoping that,
br-e23,+2Fi,replace,bristle. The red sables are,8;,@8;,"two riggers, 6 and 10;",
br-e23,+2Fi,replace,"sables are 8; two riggers,",6,@6,and 10; and a very,
br-e23,+2Fi,replace,"8; two riggers, 6 and",10;,@10;,"and a very large, flat",
br-e23,3xJ6,replace,The bristles are a Fitch,2,@2,and a one-half inch brush,
br-e23,QNRz,replace,"blue, Winsor green, Hooker's green","2,","@2,","cadmium yellow pale, yellow ochre,",
br-e24,N1WH,delete,"looking, better built, better disciplined",-,,and something else- they were,
br-e24,rrrU,replace,were further stripped of old,wives',wive's,"tales by seeing the slender,",
br-e24,rrrU,delete,performing feats requiring tremendous strength,-,,and with not one bulging,
br-e24,S1jB,replace,living provides the strength we,"need,",need,and nothing provides the flexibility.,
br-e25,AgA4,replace,systems are measured by a,pulse timing,pulse-timing,"circuit and a resistance bridge,",
br-e27,N1Yy,replace,may be increased by the,anti infective,anti-infective,properties of this drug. To,
br-e27,03Sd,replace,may be increased by the,anti infective,anti-infective,properties of this drug. Not,
br-e29,SGSD,replace,designer. We must build a,corps,corp,of highly professional teachers of,
br-e31,yjGx,replace,arms with modern fast firing,"autoloaders,","auto-loaders,","extremely accurate bolt, lever, and",
br-e31,FDPO,replace,"preserves, and on State Game",Commission controlled,Commission-controlled,upland game areas during the,
br-f03,D2+g,replace,"his lecture, refers to the","""startling",""" startling",experience which almost every person,
br-f03,W9xt,replace,"Interpretation Of Dreams, Chapter 1,:","""as",""" as",a matter of fact no,
br-f03,W9xt,replace,he has been unable to,"explain,",explain,nor is the discussion closed,
br-f03,zfpN,replace,"by Albert G. Ramsperger says,","""passed",""" passed","on to the brain, and",
br-f03,9inZ,replace,"with the king Kurigalzu, (1300",B.C. .),B.C.),escorted him to the treasure,
br-f06,rN8m,delete,,"Are you retiring now? If so,",,"are you saying, ""Where did",
br-f06,Wz9Q,replace,"day, enjoy each one to",then't h,the n'th,"degree. Travel, if you can.",
br-f07,yOMe,replace,not able to take advantage,IN,of,them. The best course is,
br-f08,TBem,replace,summed up the attitude of,the' 90 s.,the '90s.,Wives of the period shamefacedly,
br-f09,nLOh,delete,She gave herself a title,-,,Lady Diana Harrington. The New,
br-f09,HF25,replace,New York D.A. gave her,another-the,another the,Golden Girl of cafe society.,
br-f09,uy2P,delete,"a third, less flamboyant, title",-,,prostitute. And Houston police have,
br-f09,o0MD,replace,and finally back into this,country.,country,She has been acting as,
br-f09,dh8i,replace,trial Diane disappeared from New,York. It,York it,was no longer fashionable to,
br-f09,yaFi,replace,one of the Great American,Dreams -,Dreams-,wall-to-wall carpeting. There is only,
br-f11,Y0MB,replace,visit the orthodontist will take,"X-rays,","X rays,","photographs, tooth measurements, and ""tooth",
br-f11,8XdG,replace,"growth. ""Nature often takes care",IN,of,"the problem"", says Dr. Brodie.",
br-f13,wJy0,replace,"for their health. Generally, the",same,s ame,level of living costs less,
br-f14,Pc1J,replace,"of justification by a ""message"".",""" It is not an","""IT IS NOT AN",individual that is in the,
br-f17,m87P,replace,purchased great blocks of the,Company's,Comany's,stock with the view to,
br-f17,bWgc,replace,for the colony cost Selkirk,"1,040.","@1,040.",Nevertheless so short was the,
br-f17,TvSP,replace,"articles"" to a value of","4,500.","@4,500.",For its part the Hudson's,
br-f18,cWOH,replace,you that I dodge pretty,"often,",often,for you can see that,
br-f18,ze7N,replace,lies and they believed it,all.,all,I would tell them I,
br-f18,IHyq,replace,his first skirmish in Virginia:,""" Dear","""Dear",Pa. Went out a Skouting,
br-f18,6X5F,replace,"""The docters is no a",conte.,conte,hell will be filde with,
br-f18,bvQK,replace,among the Alabamans on the,"right,",right,found some of the greenest,
br-f18,bvQK,replace,be a heap wus to,we' uns,we'uns,"all'"". In a similar vein,",
br-f19,+MIT,replace,Association were founded in the,"1880's,","1880s,",or that courses in American,
br-f19,eN0b,replace,reading public that longs for,"""the good","the ""good","old days"" and with an",
br-f23,LYR2,replace,to effect an anti-Communist coup,d ' etat.,d'etat.,"We served our national interests,",
br-f25,8+Kp,replace,is that it is largely,college oriented. Sixty five,college-oriented. Sixty-five,per cent of the Jewish,
br-f25,wnb0,replace,"a paradigm of the urban,",lower middle,lower-middle,"class Jewish student. There is,",
br-f25,4Kfb,replace,cage of neighborhood and family.,Brooklyn,@rooklyn,College is unequivocally Jewish in,
br-f33,VPgv,replace,"basis, but two years of",halftime,half-time,vocational training enables the young,
br-f43,f/Q9,replace,production was The Execution of,Mary,"Mary,",Queen of Scotts. The unfortunate,
br-f43,f/Q9,replace,Execution of Mary Queen of,Scotts.,Scots.,The unfortunate queen mounted the,
br-g01,x1vn,replace,the intelligent- and therefore necessarily,cynical? -liberal,cynical?- liberal,considers that the need for,
br-g01,m3Kh,replace,"book, The Waist-High Culture, wrote:","""most",""" most",of what was different about,
br-g01,BmDF,replace,an area appropriate to a,"pre World War I,","pre-World-War-1,","great power have been, following",
br-g01,KB1G,replace,it should remain pure. Many,Northerners,Northeners,"believe this, too, but few",
br-g02,EK3u,replace,a collective duty to compensate,IN,for,the inability of individuals to,
br-g03,zm0S,replace,the big red button marked,"""alert"".",ALERT.,(There are two receivers in,
br-g04,Clf6,delete,as rigid as black statuary,-,,"six figures, lean and tall",
br-g04,nsm8,delete,make their way by landmarks,-,,"a tree here, a wash",
br-g04,Fg2b,delete,"northeast, then five miles southwest",-,,that sort of thing. Very,
br-g05,T0SS,replace,as the city's principal street.,? t,?t,takes place as well along,
br-g05,6/aH,replace,fragment by a recent poet:,""" Know","""Know","ye, fair folk who dwell",
br-g06,AnZt,replace,usually stick to the old,phrase:' Ich,phrase: 'Ich,"habe ein Amt, aber keine",
br-g06,B3p4,replace,"of unfailing instinct and judgment"".",""" Is","""IS",the attitude of German youth,
br-g08,C8H6,replace,"his article, ""Twilight of Southern","Regionalism ""","Regionalism""","(Southwest Review, Winter 1957): """,
br-g08,5gSS,replace,Dos Passos did for New,York.,York,There are almost no fictional,
br-g11,BToQ,replace,man to coexist with man.,Constitutional,Consitutional,"government, popular vote, trial by",
br-g11,XvGv,replace,could account quantitatively for both,terrestrial,terrestial,and celestial motions. This understanding,
br-g11,8DgS,replace,and are still engaged in,determining,determing,them. We use terms from,
br-g13,LVyj,replace,she not yield to it?,""" Most","""Most","often"", she says, ""it's the",
br-g14,YUWb,replace,"silence, he lifted his voice:","""Rhu-beb ni ice","""Rhu-beb-ni-ice","fresh rhu-beb today""! The lazy",
br-g14,wzVr,replace,from sidewalk to lawn. At,"four o ' clock,","four-o'clock,","or four-thirty, the coming of",
br-g17,9WR/,replace,"to say it"". In the",pre Civil,pre-Civil,"War years, the South argued",
br-g17,Ijx/,replace,"it peace"" (""Solitudinem faciunt, pacem","appellant"".) .","appellant"".).","Moreover, the law of the",
br-g17,IERC,replace,a moral right to a,"voice?) ,","voice?),",what voices would be left?,
br-g17,jKfH,replace,"symbolic name), agitated continuously the",""" Southern","""Southern","question"". It was nice to",
br-g17,a/hf,replace,New England world in the,post Civil,post-Civil,"War period, the immigrants having",
br-g18,mq+5,replace,"volume of poems, Pilgrimage and",Wander Years,Wander-Years,"(Vallfart och vandringsar), published in",
br-g18,FnlH,replace,"historical novels, The Charles Men","( Karolinerna),","(Karolinerna),","published in 1897-8, he achieved",
br-g19,9yqy,replace,"American ""hardboiled"" detective story of","the' 20 s and' 30 s,","the '20s and '30s,",the spirit of the mad,
br-g21,khv0,replace,essay I called The Leader,Follows -,Follows-,Where? I used his polarity,
br-g21,fncV,replace,paramount goal of the United,"States,",States,"set long ago, was to",
br-g21,fncV,replace,"the United States, set long","ago,",ago,was to guard the rights,
br-g21,fncV,replace,guard the rights of the,"individual,",individual,"ensure his development, enlarge his",
br-g21,fncV,replace,"of the individual, ensure his","development,",development,"enlarge his opportunity"". This group",
br-g22,xPkN,replace,adopted what I would term,""" pseudo capitalism ""","""pseudo-capitalism""",and so took a major,
br-g31,nm9l,replace,Father and Mother and each,"other, ""","other""",said Beth on the first,
br-g31,CL+R,replace,"Henrietta had been, appeared as",""" Dummkopf"".","""Dummkopf"".",Sadie studied piano; played Chopin,
br-g39,YzZi,replace,the real estate business in,"savannah,","Savannah,","""and learn days later that",
br-g39,dGFu,replace,"Johnny"", sighed the bank president,",""" the best hearted","""the best-hearted","boy in the world, but",
br-g39,hlSA,replace,"it, has him sporting a",monocle,monacle,in those Village days. Though,
br-g39,Czrj,replace,too much force on the,monocle,monacle,and broke it. The innocent,
br-g39,RJuF,replace,insisted upon replacing the destroyed,monocle -,monacle-,"and did, over the protests",
br-g39,RJuF,replace,former owner- with a square,monocle.,monacle.,Mercer is supposed to have,
br-g39,i5bK,replace,"""Anyone who wears a square",monocle,monacle,"must be affected""! Everett Miller,",
br-g39,l+v9,replace,"""Have You Got Any Castles,","Baby?"" ,","Baby?"",","and ""Too Marvelous for Words""",
br-g43,OujW,replace,tensional might well be the,"stratagem,","strategem,",the devious technique by which,
br-g44,rfKr,replace,"let us say, may be",roughly,roughtly,defined as a theme or,
br-g44,BRD9,replace,of personal experience. Thus Burns's,""" My","""My","love is like a red,",
br-g44,BRD9,replace,"is like a red, red","rose ""","rose""","and Hopkins' "" The thunder-purple",
br-g44,BRD9,replace,"red rose "" and Hopkins'",""" The","""The","thunder-purple sea-beach, plumed purple of",
br-g44,BRD9,replace,"thunder-purple sea-beach, plumed purple of","thunder ""","thunder""","although clearly intelligible in content,",
br-g44,+65A,replace,with the actions of human,beings.,beings,"Regarded from the outside, an",
br-g44,d9jn,replace,into action of a certain,thought.,thought,The historian's business is to,
br-g44,5pvc,replace,is a characteristic of thoughts,"that,",that,"in re-thinking them we come,",
br-h01,DkvM,replace,"uses for raw, semi-processed and",waste,"waste,",materials; and industrial uses for,
br-h01,96Sq,replace,What It Does; SBA Business,Loans,Loans;,and Small Business Pooling are,
br-h01,NsSB,replace,Can Assist in Rural Development,( Circular,(Circular,"No. 44), and The Cooperative",
br-h01,NsSB,replace,The Cooperative Farm Credit System,( Circular,(Circular,No. 36 - A). To,
br-h03,0UhY,replace,"the store""? and he said",""" The Same","""The same",fellow who has been running,
br-h03,Jh7g,replace,Others may speak of Speaker,Rayburn' S,RAYBURN'S,uniquely long and devoted service;,
br-h04,XZHx,replace,in 1959 for an average,.027,.027@,per mile. Purchase of state,
br-h04,7mru,replace,business at the rate of,.07,.07@,per mile. Fixed monthly allowances,
br-h04,KCr+,replace,Rhode Island's reimburseable rate of,.07,.07@,per mile for use of,
br-h04,6BRB,replace,average of states' rates is,.076,.076@,per mile. Rhode Island's rate,
br-h04,qhR4,replace,mile. Rhode Island's rate of,.07,.07@,per mile is considerably lower,
br-h04,qhR4,replace,industry nationally which approximate a,.09,.09@,per mile average. Actual mileage,
br-h04,hI9f,replace,expanded highway construction during the,1920 s and' 30 s.,1920s and '30s.,At that time highway engineers,
br-h04,dW/T,replace,averaged an operating cost of,.027,.027@,per mile. Based on this,
br-h05,dBFH,replace,under the provision of law,"""and",""" and",all other tangible personal property,
br-h05,dBFH,delete,upon any place of storage,**h,,shall be taxed to such,
br-h06,8Jf+,replace,construction projects in Rhode Island.,AIDS,_AIDS,TO SMALL BUSINESS# Although much,
br-h08,AL6k,replace,"therefore, do I, John A.","Notte, Jr., Governor of the State of Rhode Island and Providence Plantations, proclaim the week of April 29 th to May 7 th,","NOTTE, JR., GOVERNOR OF THE STATE OF RHODE ISLAND AND PROVIDENCE PLANTATIONS, PROCLAIM THE WEEK OF APRIL 29TH TO MAY 7TH,","1961, as Rhode Island Heritage",
br-h08,p8rv,replace,"BY JOHN A. NOTTE, JR.",Governor.,GOVERNOR#,The year 1961 marks the,
br-h08,pI4E,replace,"therefore, do i, John A.","Notte, Jr., Governor of the State of Rhode Island and Providence Plantations, proclaim Saturday, May 20 th,","NOTTE, JR., GOVERNOR OF THE STATE OF RHODE ISLAND AND PROVIDENCE PLANTATIONS, PROCLAIM SATURDAY, MAY 20th,","1961, as Armed Forces Day,",
br-h08,l8wb,replace,"BY JOHN A. NOTTE, JR.",Governor.,GOVERNOR#,The President of the United,
br-h08,7GP7,replace,"therefore, do I, John A.","Notte, Jr., Governor of the State of Rhode Island and Providence Plantations, proclaim Monday, May 22 nd,","NOTTE, JR., GOVERNOR OF THE STATE OF RHODE ISLAND AND PROVIDENCE PLANTATIONS, PROCLAIM MONDAY, MAY 22nd,","1961, as National Maritime Day,",
br-h08,POA/,replace,"BY JOHN A. NOTTE, JR.",Governor.,GOVERNOR#,The Miss Rhode Island Pageant,
br-h08,Tpzi,replace,"therefore, do I, John A.","Notte, Jr., Governor of the State of Rhode Island and Providence Plantations, proclaim the week of June 11 th to 17 th,","NOTTE, JR., GOVERNOR OF THE STATE OF RHODE ISLAND AND PROVIDENCE PLANTATIONS, PROCLAIM THE WEEK OF JUNE 11TH TO 17TH,","1961, as Miss Rhode Island",
br-h08,lo7L,replace,"BY JOHN A. NOTTE, JR.,",Governor.,GOVERNOR#,For the purpose of maintaining,
br-h08,sox+,replace,"therefore, do I, John A.","Notte, Jr., Governor of the State of Rhode Island and Providence Plantations, proclaim Tuesday, October 24 th,","NOTTE, JR., GOVERNOR OF THE STATE OF RHODE ISLAND AND PROVIDENCE PLANTATIONS, PROCLAIM TUESDAY, OCTOBER 24TH,","1961, as United Nations Day,",
br-h08,Q2VX,replace,"BY JOHN A. NOTTE, JR.,",governor.,GOVERNOR#,The ballet originated in Italy,
br-h08,GoFw,replace,"BY JOHN A. NOTTE, JR.",Governor.,GOVERNOR#,"As another Thanksgiving draws near,",
br-h08,253f,replace,"therefore, do I, John A.","Notte, Jr., Governor of the State of Rhode Island and Providence Plantations, proclaim Thursday, November 23 rd,","NOTTE, JR., GOVERNOR OF THE STATE OF RHODE ISLAND AND PROVIDENCE PLANTATIONS, PROCLAIM THURSDAY, NOVEMBER 23RD,","1961, as Thanksgiving Day, And",
br-h08,t1Ml,replace,eighty-sixth. John A. Notte Jr.,. Governor.,Governor,,
br-h09,ji9K,replace,"continuous research, testing, development, and",programming,programing,necessary to effectuate the purposes,
br-h09,EZlJ,replace,"Energy Commission, the Department of",Health Education,"Health, Education,","and Welfare, the Department of",
br-h09,9und,replace,"by the Secretary, is below",14 - 1 2,14-1/2,"cents per pound, and such",
br-h09,9und,replace,centum of the difference between,14 - 1 2,14-1/2,cents per pound and the,
br-h09,UVwM,replace,"by the Secretary, is below",14 - 1 2,14-1/2,"cents per pound, and such",
br-h09,UVwM,replace,centum of the difference between,14 - 1 2,14-1/2,cents per pound and the,
br-h11,7O8k,replace,"Air Research and Development Command,",U. S.,U.S.,"Air Force, and had as",
br-h13,SDRb,replace,"Commission, would give the combined",C.&O. - B.&O.,C. & O.-B. & O.,Railroad a total of 185,
br-h13,dzYB,replace,or the three-way New York,Central B.,Central-B.,& O.-C. & O. merger.,
br-h14,Yy6E,replace,this part of the grant,program.,program:,#METHOD OF DISTRIBUTING FUNDS# In,
br-h15,DGBS,replace,continue in many areas. Other,considerations. -If,CONSIDERATIONS.- If,there are outside windows in,
br-h16,B9Th,replace,International Salt Co. v. United,"States ,","States,","332 U. S. 392, 400-401"".",
br-h17,XUhD,replace,"United States, 348 U.S. 407","(1955),and","(1955), and","United States v. Nugent, 346",
br-h17,XUhD,replace,"United States v. Nugent, 346","U. S .1 ( 1953),","U.S. 1 (1953),",and therefore affirm the judgment.,
br-h18,QQ85,replace,reading editorials and looking at,public opinion,public-opinion,polls and other reports that,
br-h21,ZQ+g,replace,#FORCES AND MILITARY PERSONNEL STRENGTH.#-,-This,This,budget will provide in the,
br-h21,J6CS,replace,security objectives. #MILITARY PERSONNEL COSTS.#-,-About,About,30% of the expenditures for,
br-h21,aN0A,replace,pay rates. #OPERATION AND MAINTENANCE.#-,-Expenditures,Expenditures,for operating and maintaining the,
br-h21,NuyV,replace,"desirable. #PROCUREMENT, RESEARCH, AND CONSTRUCTION.#-",-Approximately,Approximately,45% of the expenditures for,
br-h21,QkJR,replace,in the period of the,mid 1960's.,mid-1960's.,The substantial progress being made,
br-h21,DmEK,replace,to abandon it. #STRATEGIC FORCES.#-,-The,The,deterrent power of our Armed,
br-j01,OUDh,replace,lengths near 3 cm and,10,1o,cm is like that of,
br-j01,OUDh,replace,a black body at about,600',6oo',K. This result suggests a,
br-j01,HkKw,replace,"Roberts, 1960) have shown the",960-mc,960-Mc,emission of Jupiter to be,
br-j01,Wv8T,replace,the radiation from a hypothetical,black-body,black body,which subtends the same solid,
br-j01,5tOu,replace,result of the observations is,(in',(in ',K) **f where the phase,
br-j02,+IGZ,replace,is being transferred to the,cooling,co0ling,medium of the anode. The,
br-j02,aWf+,replace,The cathode consisted of a,"1/4""",1/4'',diameter thoriated tungsten rod attached,
br-j02,aWf+,replace,tungsten rod attached to a,water-cooled,water cooled,copper tube. This tube could,
br-j02,UfHF,replace,design the anode holder is,water-cooled,water cooled,and the heat losses by,
br-j02,8Ao1,replace,heat transfer from the hot,gas,has,to this anode holder outside,
br-j02,8Ao1,replace,this anode holder outside the,region,regime,"of the arc, a carbon",
br-j02,iQ99,replace,a constant arc length of,"0.5""",0.5'',and a current of 100,
br-j03,WvvJ,replace,**f with a clearance of,"0.002""",0.002'',on each side of the,
br-j03,5C2n,replace,one block contained a hole,"1 16 """,1/16'',in diameter which led to,
br-j03,ni3n,replace,weight. The maximum suction was,"3.25""",3.25'',of test fluid measured from,
br-j03,pkWh,replace,"by Lodge of **f, cosec",2lc,2|c,"applies, the pressure difference along",
br-j04,gr/Y,replace,of aqueous chromic acid at,300 - 325' C.,300-325'C.,Dr. Douglass was kind enough,
br-j04,LoVa,replace,heated in a bomb at,170' C,170'C,for 48 hours. A very,
br-j04,kT0i,replace,"by centrifugation, and dried at",110' C.,110'C.,Differential thermal analysis showed a,
br-j04,O4Zi,replace,very small endothermic reaction at,340' C,340'C,and a large endothermic reaction,
br-j04,O4Zi,replace,a large endothermic reaction at,470' C.,470'C.,This latter reaction is in,
br-j04,NKRi,replace,loss of 1.8% centered at,337' C,337'C,and another weight loss of,
br-j04,NKRi,replace,weight loss of 10.8% at,463' C.,463'C.,The expected weight loss for,
br-j04,hpvc,replace,gases evolved upon heating to,410' C,410'C,indicated nitrogen oxides and water,
br-j04,VutP,replace,The small reaction occurring at,337' C,337'C,is probably caused by decomposition,
br-j04,JLop,replace,which had been heated to,375' C,375'C,for one hour. Emission spectra,
br-j04,iJ8J,replace,"of the material, taken with",CuKla,CuK|a,"radiation, indicated the presence of",
br-j04,+die,replace,of nearly isotropic particles about,0.3 lm,0.3|m,in diameter. The particles appeared,
br-j04,khsh,replace,over the temperature range of,77 - 294' K.,77-294'K.,For the low-temperature measurements the,
br-j04,Krr1,replace,the atmosphere after evacuation at,"375' C,","375'C,",showed the presence of adsorbed,
br-j04,ltst,replace,evacuated and sealed off at,375' C,375'C,which contain no adsorbed water.,
br-j05,QChu,replace,less builder; and the dwindling,built soap,built-soap,powders as well as soap,
br-j05,c+0k,replace,a sufficiently high builder/active ratio.,Hard surface,Hard-surface,cleaning in household application is,
br-j05,mSoh,replace,detergent actives to congregate at,oil water,oil-water,interfaces in such a manner,
br-j06,sQnT,replace,times from a trap at,- 78',-78',to a liquid air trap,
br-j06,6oVI,replace,purified product was stored at,- 78',-78',in a tube equipped with,
br-j06,bfLG,replace,The radiochlorine was stored at,- 78',-78',in a tube equipped with,
br-j06,5kCQ,replace,with a break seal. This,chlorine carbon,chlorine-carbon,tetrachloride solution was illuminated for,
br-j06,1Lqg,replace,manifold and then allowed to,distill,distil,slowly into the manifold of,
br-j06,B1fv,replace,which entered the thermostated mineral,oil bath,oil-bath,through a window. Two types,
br-j06,F308,replace,differed by several hundred per,"cent,","cent.,",a systematic series of experiments,
br-j06,/EgL,replace,intensity are given in Table,1. .,"1.,","In series 1, the relative",
br-j06,4bK+,replace,exchange that would have been,observed,oserved,at a relative intensity of,
br-j07,3/H8,replace,The Poynting-Robertson effect causes the,semi major,semi-major,axis of orbits to diminish,
br-j07,SbM8,replace,more eccentric without changing the,semi major,semi-major,axis. This effect can give,
br-j08,/EKC,replace,would be to create an,aerosol,areosol,or cloud of agent over,
br-j08,hZCr,replace,relative to quantitative sampling and,assessment,assesment,techniques. Much of the older,
br-j08,BnTJ,replace,that a number of critical,meteorological,meterological,parameters must be met for,
br-j08,lIc8,replace,off-shore and vertical to an,on-shore,on-sure,breeze. Spraying continued along a,
br-j09,Uw5+,replace,obtained from a donor (R.,E. .),E.),who had been sensitized 6,
br-j09,RwDx,replace,incubated for 1 hr at,37' C,37'C,before centrifugation. The saline tubes,
br-j09,NOp0,replace,been glycerolized and stored at,- 20' C,-20'C,for approximately 1 year. These,
br-j09,OPA4,replace,These cells were thawed at,37' C,37'C,for 30 min and were,
br-j09,qaKt,replace,a **f cm column of,DEAE-cellulose,EEAE-cellulose,equilibrated with starting buffer. The,
br-j09,VCSx,replace,The chromatography was done at,6' C,6'C,"using gradient elution, essentially according",
br-j09,5DTG,replace,was produced with a so-called,""" cone sphere ""","""cone-sphere""","apparatus, the ""cone"" being a",
br-j09,9zlk,replace,a stream of air at,5' C,5'C,or by negative pressure dialysis,
br-j09,vRrR,replace,the temperature was maintained at,2' C,2'C,by surrounding the apparatus with,
br-j09,gFzL,replace,the strips were stained with,bromophenol,bromphenol,blue and densitometry was carried,
br-j09,Xwwy,replace,in a horizontal position at,1' C.,1'C.,The unstained strips were then,
br-j09,YrYG,replace,35 to 80 min at,20' C,20'C,in a Spinco model E,
br-j09,9ZdU,replace,2 or by allowing the,"""cone sphere""","""cone-sphere""",gradient to become established more,
br-j09,ncBv,replace,Method 6 of Cohn et,al.,al..,These fractions were tested for,
br-j10,nPDB,replace,"the onslaughts of Psithyrus, the","""cuckoo bumblebee""","""cuckoo-bumblebee""",as it is called in,
br-j12,FWg2,replace,the respiratory bronchiole. No bronchial,artery pulmonary,artery-pulmonary,artery anastomoses were noted in,
br-j12,p9kX,replace,presence of normally occurring bronchial,artery pulmonary,artery-pulmonary,artery anastomoses was first noted,
br-j12,jZO1,replace,own studies in which bronchial,artery pulmonary,artery-pulmonary,"artery anastomoses were demonstrated, were",
br-j12,A16f,replace,the normal existence of bronchial,artery pulmonary,artery-pulmonary,artery anastomoses. Verloop (' 48;,
br-j12,9ubi,replace,artery pulmonary artery anastomoses. Verloop,(' 48;,('48;,'49) found these shunts in,
br-j12,nm2X,replace,to demonstrate normally occurring bronchial,artery pulmonary,artery-pulmonary,"artery shunts in certain species,",
br-j13,VQMi,replace,age and completion age was,"+ .50,","&.50,",and that between onset age,
br-j14,CfBo,replace,between the pituitary and the,thyroid. .,thyroid..,This connection was clarified by,
br-j15,ucgK,delete,"the hands and feet, but",more,,"marked in the shoulders, hips,",
br-j16,4ElY,replace,in a cryostat maintained at,- 16',-16',to - 20'. The sections,
br-j16,4ElY,replace,maintained at - 16' to,- 20'.,-20'.,The sections were mounted on,
br-j16,Sfnf,replace,irregularly distributed in the cytoplasm.,Wound tumor,Wound-tumor,virus is a leafhopper transmitted,
br-j17,YGhW,replace,only an increase in the,parasympathetic,parsympathetic,reactivity of this structure to,
br-j18,D9Hi,replace,a linear operator on the,finite dimensional,finite-dimensional,vector space V over the,
br-j18,oAeH,replace,a linear operator on the,finite dimensional,finite-dimensional,vector space V over the,
br-j18,d6PB,replace,there is a monic polynomial,P,p,"such that **f, then parts",
br-j19,/+Iv,replace,"either a ""success"" or a",""" non success "" ("" failure""),","""non-success"" (""failure""),",and that the probability of,
br-j19,nv1J,replace,more expressive than labels like,""" A ""","""A""","and "" not - A"".",
br-j19,nv1J,replace,"like "" A "" and",""" not - A"".","""not-A"".",It is natural from the,
br-j19,mz2p,replace,have arbitrarily constructed the classes,"""ace""and "" not ace "".","""ace"" and ""not-ace"".","We classify mice as """,
br-j19,fr2d,replace,""". We classify mice as",""" straight haired ""","""straight-haired""","or "" wavy haired"", but",
br-j19,fr2d,replace,""" straight haired "" or",""" wavy haired"",","""wavy-haired"",",but a hairless mouse appears.,
br-j20,UiNp,replace,denoted by **f. The function,f (t),f(t),defined in this way is,
br-j20,g9+T,replace,the number of values of,f (t),f(t),must be odd. For it,
br-j20,nOuM,replace,the number of values of,f (t),f(t),is equal to the (finite),
br-j21,c1TQ,replace,#INTRODUCTION.# In,1,@1,we investigate a new series,
br-j21,WELR,replace,of symbol **f. Then in,2,@2,we show that any line,
br-j21,WELR,replace,of the type discussed in,1.,@1.,No generalization of these results,
br-j23,ixgD,replace,our common religion. Even the,non church members -,non-church members-,"the freewheelers, marginal religionists and",
br-j23,HvpF,replace,no society. Where such a,value-system,value system,"prevails, it always unifies all",
br-j23,y+8B,replace,long ago that religion as,"""a",""" a",unified system of beliefs and,
br-j23,y+8B,replace,practices relative to sacred things,- unite [s],unite[s],into one single moral community,
br-j23,y+8B,delete,into one single moral community,-,,all those who adhere to,
br-j23,2Ma3,replace,"Yinger has pointed out, the","""reliance",""" reliance","on symbols, on tradition, on",
br-j24,WOv0,replace,the experience of many practitioners:,"""short-contact",""" short-contact",interviewing is neither a truncated,
br-j25,e85p,replace,"stable inter-relationships among its parts,",includes.,includes:,"Subgroups of various types, interconnected",
br-j25,c3Br,replace,larger system and within the,subgroups.,subgroups,Regulative norms governing subgroups and,
br-j25,SR0I,delete,and relatively isolated rural communities,...,,urbanization appears to be an,
br-j25,AEq9,replace,activities characteristic of the external,"pattern"".","pattern""",The external pattern or external,
br-j25,G15l,replace,group to survive in its,"environment"".","environment""",Boundary maintenance for this group,
br-j26,M5/q,replace,French and omitting corresponding Flemish,titles):.,titles): @.,This report contains preliminary notes,
br-j26,dW0/,replace,"varying content, have been issued",for:.,for: @.,These area reports will be,
br-j28,df6I,replace,the two groups at less,than,that,the 5% level (**f). One,
br-j28,XlAL,delete,"trial, perceive the tilt illusion.",J28-6105. form J28-6033-1.,,,
br-j29,kBq2,replace,ratings yield a correlation of,"+ .04,","&.04,",which is not significantly different,
br-j31,wlVk,replace,"is that, Bill- hello or","farewell""? ,","farewell""?,","the patient replied, ""Both, Dearie-",
br-j31,CUwy,replace,"in regard to condensation, that","""the",""" the",lack of adequate discrimination between,
br-j31,3lPG,replace,"figurative expression: a metaphor, a","simile,","smile,","an allegory, or some other",
br-j33,TgRT,replace,object in the second. #SYLLABIFICATION.#-,-Syllables,Syllables,are linguistic units centering in,
br-j33,wenq,replace,this point is strongest before,/l/and / /,/l/ and /@/,or /r/. From the point,
br-j33,zY0I,replace,commonly has the quality of,/ /,/@/,"when it follows vowel sounds,",
br-j35,sEaw,replace,"awaits publication, in which, in",listing' Two Stem,listing 'Two-Stem,"Meanings', I set off by",
br-j35,sEaw,replace,asterisks cases where the combined,N,n,of stems **f was **f.,
br-j37,61Fb,replace,statement reassuring the citizens that,"""the",""" the",possibility of introducing appeals concerning,
br-j41,4fpN,replace,has been kept below the,""" profit-maximizing ""","""profit-maximizing""","and "" entry limiting """,
br-j41,4fpN,replace,"the "" profit-maximizing "" and",""" entry limiting ""","""entry-limiting""",prices due to fears of,
br-j41,uIeC,replace,may call the effect of,""" public limit pricing ""","""public-limit pricing""","on ""key"" wage bargains, we",
br-j41,IbQF,replace,"cost changes, so that the","""public limit","""public-limit","price"" only rises as the",
br-j41,dBEU,replace,The extent to which the,public limit,public-limit,price is raised by a,
br-j41,Qmv/,replace,the extent to which the,public limit,public-limit,price is raised by a,
br-j42,KaKj,replace,conjunction with the impact of,"industrialization,","industralization,",led to a concentration of,
br-j53,aeXU,replace,he is actually looking at,things? -has,things?- has,now been raised in the,
br-j54,2xae,replace,"examples of local stamp, these","""non Greek""","""non-Greek""",patterns had mostly vanished by,
br-j54,tTMe,replace,"B.C., the age of Homer's","""rosy fingered","""rosy-fingered","Dawn"". The first slanting rays",
br-j56,Up/R,replace,four pounds best Porterhouse or,"sirloin steak,","serloin stake,",for Mrs. Hapgood send six,
br-j57,TetO,replace,that it is described as,""" Nec","""Nec","minus salutaris quam festivus"", ""no",
br-j57,xhDr,replace,communism provides the institutional array,indispensable,indispensible,to that best ordering. To,
br-j57,cIgt,replace,by St. Gregory almost a,millennium,millenium,"before More wrote Utopia. ""The",
br-j58,EYqj,replace,"of the Daily Journal warned,","""that",""" that",if such a demonstration be,
br-j70,M5X0,replace,life from 5 to 15,yrs. .,yr.,For the initial development an,
br-j70,et48,replace,little protozoa activity existed below,40' F.,40'F.,When the temperature reached 32',
br-j70,YNgd,replace,F. When the temperature reached,32' F,32'F,all protozoan activity ceased; but,
br-j70,7NZ5,replace,1.0-mg/l dissolved oxygen concentration and,10' C,10'C,for various rotor speeds is,
br-k02,nHGJ,replace,He hadn't even seen him,yet.,yet,Pressing his cigarette out in,
br-k03,NpjZ,replace,"""Gather ye rosebuds while ye",may.,may,This same flower that smiles,
br-k06,qjEC,replace,"rolled past the tollhouse- ""Afternoon,","Reverend""! -and","Reverend""!- and",crossed the suspension bridge to,
br-k07,Ty8s,replace,"He chuckled, the memory vivid.",Jee -,Jee-,"sus, We Fixed him! Yooee,",
br-k07,/OAt,replace,that's Brandon. He ain't so,bad.,bad,His thoughts turned to other,
br-k07,w5cg,replace,His thoughts turned to other,things.,things,The big shock everybody had,
br-k07,ZUvn,replace,a report to some important,superior.,superior,I was the first to,
br-k07,fc9b,replace,"""I told him"", he said","aloud. """,aloud,They'll get the guys that,
br-k07,pkwQ,delete,the guys that done it,""".",,There was something troubling him,
br-k07,7Avb,replace,him though: as yet they,hadn't.,hadn't,Five days. Keerist. Prickly twinges,
br-k07,TjU0,replace,as yet they hadn't. Five,days. Keerist.,days Keerist,Prickly twinges of annoyance ran,
br-k07,aoMw,replace,the culprits when they caught,them.,them,Turn the bastards over to,
br-k07,BYrn,replace,any of the folks back,"home. "" Four","home ""Four","cuts at least"", he chuckled",
br-k07,RlJA,replace,"least"", he chuckled to himself,",""" and","""and",I owe it all to,
br-k07,uFQF,replace,and again in the discussion,sessions.,sessions,Lousy Reactionary bastards been tryin,
br-k07,TSW5,replace,You guys remember that. Remember,that.,that,He heard himself haranguing them.,
br-k07,Jj0d,replace,"was really something, coming from",Ching.,Ching,"""Really something"", he said, aloud.",
br-k07,3TDu,replace,"Ching. ""Really something"", he said,",aloud.,aloud,Dirty Reactionary bastards comin down,
br-k07,Yxl4,replace,I'll slice their balls right,"off"".","off""","His arm moved swiftly, violently,",
br-k07,u4pN,replace,knew he couldn't. He braced,himself.,himself,Somebody'll hafta start thinkin. He,
br-k07,W10V,replace,braced himself. Somebody'll hafta start,thinkin.,thinkin,"He fought it, seeking to",
br-k07,5byz,replace,"words, but on they came","""bout takin - his"".",bout takin- his,"He was trembling, a strange",
br-k07,M4IM,replace,the final word came forth,"""place"".",place,"Now he heard it, fully:",
br-k07,gq2v,replace,"Now he heard it, fully:","""bout",""" bout","takin his place"". He listened,",
br-k07,gq2v,replace,"it, fully: ""bout takin his","place"".","place""","He listened, waited, nothing happened.",
br-k07,Il7P,replace,"self. The music arrived, taking","him,",him,"its rhythm stroked him, snaked",
br-k07,Il7P,replace,"to another, stopping briefly at",each.,each,Brandon. He is good. Damn,
br-k07,I3gK,replace,"not tryin, Johnson, you bastard",you.,you,"He looked over at him,",
br-k07,ysnL,replace,"he loathed him. Sleepy-eyed, soft-spoken",Johnson.,Johnson,Biggest thorn in my side,
br-k07,e5YX,replace,side of the whole fucken,squad.,squad,He was the guy what,
br-k07,pbu4,replace,what always goofed at Question,Time.,Time,Why couldn't they have dumped,
br-k07,ob1p,replace,Thoroughly Wised Up. Knows the,score.,score,"With a supreme effort, he",
br-k07,hFkb,replace,"He stared at it, amazed,",alarmed.,alarmed,The whole fucken sky's cavin,
br-k07,19qz,replace,"Jesus! Somebody, got to be",somebody.,somebody,If I don't put my,
br-k07,ig9L,replace,"cents in soon, somebody else",will.,will,I know they're waitin only,
br-k07,gbZC,replace,"Staff. Ching, Tien, all of",them.,them,Top dog. Poor ol Slater.,
br-k07,1/KQ,replace,"Tien, all of them. Top",dog.,dog,"Poor ol Slater. Jesus, imagine,",
br-k07,fBnB,replace,them. Top dog. Poor ol,Slater.,Slater,"Jesus, imagine, the crummy bastards,",
br-k07,vgRd,delete,get what's comin to em,**h,,He whirled about suddenly. It,
br-k07,rUKc,delete,"it up, the dumb jerk",**h,,"Coughlin grinned, feeling supremely on",
br-k07,rUKc,delete,supremely on top of things,**h,,He watched the snow once,
br-k07,nMmN,delete,made no sense to him,**h,,"He whirled around, suddenly hot",
br-k07,nMmN,replace,"on which he now stood,","open-mouthed - "" You - Listen! -name","open-mouthed- ""You- Listen!- name",William Foster's Four Internal Contradictions,
br-k07,eSLh,delete,searching frantically for the answer,**h,,Finnegan woke up. There was,
br-k07,38JM,delete,noise that had awakened him,**h,,It was that prick Coughlin.,
br-k07,eKsU,delete,when they got Slater? How?,**h,,Then he was asking himself,
br-k07,Uyg0,delete,for real? Am I dreamin?,**h,,From somewhere in the hut,
br-k07,Gmus,replace,"Christsake me, buddy! Just answer.",C'mon -,C'mon-,"c'mon!"" **h I'm no hero.",
br-k07,od0J,delete,"Just answer. C'mon - c'mon!""",**h,,I'm no hero. Did I,
br-k07,yodQ,delete,I start the damn war?,**h,,"Automatically, Finnegan started going over",
br-k07,yodQ,delete,started going over today's lesson,**h,,Capitalism rots from the core.,
br-k07,7JXo,delete,way or another. Fuck them,**h,,He rolled over and tried,
br-k07,pUEg,delete,He snuggled into the blanket,**h,,Brandon dreamed. He was sitting,
br-k08,azu8,replace,even the court of Louis,"/ 15 15,! -he","15,!- he",had to play a role,
br-k11,yKyC,replace,words fell into a pattern:,""" Mollie","""Mollie",the Mutton is scratching her,
br-k11,ulUs,replace,the blood From Thy riven,"side "".","side""",He thought: I am a,
br-k11,o9pj,replace,"other men, far away, singing",together? .,together?.,"Adam thought of the hutments,",
br-k12,O9b0,replace,"hard eye, she informed Moll:",""" Don't","""Don't","sure ' nuff me, officer.",
br-k12,O9b0,replace,"informed Moll: "" Don't sure",' nuff,'nuff,"me, officer. I'm honey only",
br-k12,KS5w,replace,resting on the kitchen bar.,Kidnapper,KIDNAPER,Spurns Ransom; Amy Still Missing.,
br-k13,T5Th,replace,was the one on top.,Da-da-da-dum.,Da-da-da-dum,Music could not be Eugene's,
br-k13,GDVf,delete,little bag. There it is,**h,,and there is what was,
br-k14,OFrl,replace,his Christ was to be,"life-size,","life size,",how was Mary to hold,
br-k14,FvLx,delete,was strong even in death,-,,a look he remembered well,
br-k16,sOSJ,replace,its wings- were they feathered,arms? -flapped,arms?- flapped,as it ran. Its groin,
br-k16,vkF9,replace,"six months, even perhaps a",year.,year,The fish hawk flew on,
br-k17,2if/,replace,Uplands to hold several million,Jews.,Jews,A tale of a plan,
br-k17,unju,replace,Jews to the island of,Madagascar.,Madagascar,Stories of the depravity of,
br-k17,q94G,replace,there was that damned ghetto,"wall "".","wall""","""I understand"". Styka blew his",
br-k17,fQLm,replace,"betrays you"". ""Good man, Styka"".",""" Captain Jan,","""Captain Jan",must you go inside Majdanek?,
br-k17,6xcg,replace,you go inside Majdanek? The,stories.,stories,Everyone really knows what is,
br-k17,yjRJ,delete,"do""? ""I don't know. Perhaps",-,,perhaps - there is a,
br-k17,yjRJ,delete,don't know. Perhaps - perhaps,-,,there is a shred of,
br-k18,/4lJ,replace,I found myself having a,fellow-feeling,fellowfeeling,for him. Maybe he felt,
br-k18,0nSU,replace,I was handing Eileen her,coffee-cup,coffeecup,and she was lying there,
br-k18,Nfur,replace,was something tough under his,self-effacing,selfeffacing,manner. Still he let Eileen,
br-k18,Vsus,replace,but he didn't have Jim's,poker-faced,pokerfaced,humor or his brains or,
br-k18,569b,replace,been a lecher and a,"plug-ugly,","plugugly,",but he was a good,
br-k20,zdH7,replace,we can return the following,morning.,morning,She concluded by asking for,
br-k20,pE/L,replace,opened his reply with trembling,fingers. He,fingers he,agreed! And he would see,
br-k23,fU6e,replace,survived the bassinet. But the,"boy,",boy,the boy had been alive,
br-k23,dPcx,replace,"is, he told himself. Solid,","settled,",settled,lost. In the stiff neutral,
br-k23,eiKh,replace,developed into a remarkable sailing,team. All,team all,of this happening in a,
br-k24,L9Cc,delete,the kid with more snow,...,,"rubbed ... rubbed. ""I'll get",
br-k24,L9Cc,delete,with more snow ... rubbed,...,,"rubbed. ""I'll get more snow"",",
br-k24,WuQn,replace,"something heroic even, especially for",her.,her,I know him. I know,
br-k24,+5oq,replace,especially for her. I know,him.,him,I know him. We felt,
br-k24,+5oqo,replace,I know him. I know,him. We,him we,"felt the same sometimes, while",
br-k24,gN2o,replace,him. We felt the same,"sometimes,",sometimes,while Ma wasn't thinking about,
br-k24,d/cI,delete,and if he found out,**h,,a woman **h it'd be,
br-k24,d/cI,delete,found out **h a woman,**h,,it'd be bad. Hans poured,
br-k24,5Ssm,delete,"""All right"". ""Lift, don't shove",**h,,"lift"". ""O.K., I'm lifting"". I",
br-k25,1KU1,replace,she fell asleep again as,suddenly,soddenly,"as a person with fever,",
br-k28,7mX+,replace,"cut him off- ""Too many","times""! -and","times""!- and","flounced to the sink, where",
br-k29,ozcR,replace,by a mere footbridge or,mess-hall,messhall,kitchen but by the immense,
br-k29,xBNk,replace,"dying, my head bandaged and","bloody,","blooded,","and Jessica bending over me,",
br-k29,3JQy,replace,"out, should I kiss her",good-night?,goodnight?,All this was unknown to,
br-l01,rCw6,delete,an offer. What about your,...,,that girl you were going,
br-l01,Qer/,replace,"""All right. This is Dale","Nelson,",Nelson,"the actor"". ""Good. I'm calling",
br-l02,uXX+,replace,"a little pout and said,",""" I","""I",don't get off work until,
br-l07,J8/z,delete,"rolled-up shirt sleeves. ""Mr. Ferrell",...,,"Hirey Lindsay, chairman of the",
br-l07,QkGU,replace,off everything and lock up.,Then,_hen,the faint beginnings of fear,
br-l08,pfq7,replace,he had Mr. Skyros at,bay.,bay,"""Big favor I done you.",
br-l08,oIgM,replace,"not much work involved, easy",money.,money,"Katya Roslev, who would be",
br-l08,5OJ6,replace,"it, see! This kind of",place.,place,"She'd be through here, just",
br-l08,FdFD,replace,"and pretty too, I like",Katharine.,Katharine-,Let's ask Katharine to go,
br-l08,pqEr,replace,"us, she's always lots of",fun. Katharine.,fun- Katharine-,"Soon, very soon now ....",
br-l08,IRrO,replace,"Katharine. Soon, very soon now",....,SIXTEEN,Mendoza didn't wake until nearly,
br-l08,MY05,replace,overrun with a dozen kittens.,""" Y","""@Y",que sigue despues? -what then,
br-l08,MY05,replace,"kittens. "" Y que sigue","despues? -what then ""?","despues?- what then""?","he asked her severely. ""A",
br-l09,cL3X,replace,had the cool ruthlessness to,do,d o,whatever she made up her,
br-l10,4tUU,replace,,""" Not","""Not",since last night. I didn't,
br-l10,5UQj,replace,don't want to go off,half cocked,half-cocked,"before picking up Black, that's",
br-l10,WRIr,delete,in that same bed with,...,,"Who? For thirty minutes, Stanley",
br-l12,dkUY,replace,through the crowd like a,brush-fire.,brushfire.,"They surged around him, fingers",
br-l12,jQca,replace,"microphone for support. ""Lullaby and","goodnight"".","goodnight""",His voice shook. For the,
br-l12,OUnb,replace,horses and all the king's,men.,men,"Vecchio shouldered in. ""I got",
br-l13,tAKs,replace,excuse enough to keep him,"home,",home,that young Mr. Arthur's still,
br-l13,jFdt,replace,can you? I'd think that,"you,",you,"even more than I, would",
br-l13,jFdt,replace,"that you, even more than","I,",I,would be wondering what they're,
br-l13,rOvw,replace,"to. They found some clothes"",",she.,she,"tossed in. ""What""? Deliberately, she",
br-l13,2/cX,replace,what happened. Tell them the,"truth,",truth,"or something, before they come",
br-l13,2/cX,replace,"Tell them the truth, or","something,",something,"before they come here"". A",
br-l14,PCDc,replace,didn't want- heaven knew didn't,want! -to,want!- to,lunge anxiously through crowded streets,
br-l14,fdMN,replace,could bear? And possessed himself-,how? -of,how?- of,a rifle and killed? Pam,
br-l15,M666,replace,died several hours after her,seven o ' clock,seven-o'clock,"dinner. Probably around midnight, give",
br-l16,pLp2,replace,,""" Dammit,","""Dammit,","Phil, are you trying to",
br-l16,J712,replace,another day in the State,Department -,Department-,another day- you get in,
br-l17,BxUE,replace,instructed to do so has,"not, ah,",not ah,limited my knowledge of your,
br-l18,knpy,delete,and I appreciate it. J.,.,,The wastebasket stood near the,
br-m01,z/UU,delete,come face to face alone),-,,why Bishop Senator Boone made,
br-m01,pt0N,replace,world he had known during,growing waiting ...,growing-waiting,then forced the concept back,
br-m01,8KXx,replace,"encounter a water brother. ""Hi""!",""" Oh.","""Oh.","Hello, Mike. My, you look",
br-m01,6lOY,delete,"was homesick"". ""Oh, dear! Mike",...,,do you ever get homesick?,
br-m01,h2HC,replace,"said, ""Mike? Is that- I","mean,' Do","mean, 'Do","you know ""' - ""I",
br-m01,h2HC,replace,"that- I mean,' Do you","know ""' -","know'""-","""I know. It is for",
br-m01,q9xD,replace,"closer. Now we grow closer"".",""" Well ...","""Well",I've been ready a long,
br-m01,q9xD,delete,"goodness, we all have, but",...,,"never mind, dear; turn just",
br-m01,6lPF,replace,her voice called him back:,""" Oh!","""Oh!","Oh! Thou art God""! ""We",
br-m01,VznG,replace,of plants and Mrs. Joseph,Shadow,"(""Shadow",of Greatness Douglas was quoted,
br-m01,VznG,replace,and Mrs. Joseph Shadow of,Greatness,"Greatness"")",Douglas was quoted as saying:,
br-m01,rtty,delete,"D, then BCD vs A",...,,"or AB vs CD, or",
br-m01,Zfql,replace,"worst! Absent-minded, subject to unexplained",tears.,tears,Jubal would have bet his,
br-m02,aKEb,replace,back several years ago and,"reported ..."".","reported""","""That it had found a",
br-m02,7qpn,replace,were lamechians and above suspicion.,"Unfortunately ... "".","Unfortunately""",Hal waited: Macneff paced some,
br-m02,w2tN,replace,too old for this expedition.,"Therefore ... "".","Therefore""","""A thousand pardons"", said Hal.",
br-m02,K3GD,replace,for marriage selected by the,gapt.,gapt,The gapt. Pornsen. He would,
br-m02,8F4P,replace,"fat face, hear that whining",voice.,voice,"""Hal Yarrow""! said the whining",
br-m03,ruZg,replace,mankind could be convinced of,that.,that,It was worth trying. In,
br-m05,ZB35,replace,you have a nice singing,"voice,",voice,"dear"", the lady amended. ""Thank",
br-m06,Zzhf,replace,you can. But isn't this,"nice "".","nice""",With this he felt his,
br-n01,7Ju6,replace,"you give us a job,","Mr. - - "". "" Morgan.","Mr."" ""Morgan.","Dan Morgan"". He was silent",
br-n01,g4f9,replace,and if we were sleeping,"together ... "".","together""","He stopped, embarrassed, and Morgan",
br-n02,fzLF,replace,cleared out. I treated them,"fair "".","fair""",He wiped his lips with,
br-n02,NZkA,replace,you go way from me,"again "".","again""","He closed his eyes, ashamed",
br-n02,3pxG,replace,fool and let him do,"it "".","it""",He remembered Clayton's mocking smile,
br-n03,khBg,replace,"the spring""! Lew Durkin yelled.",""" Run","""Run",'em right into the spring!,
br-n04,RlqX,replace,to make it. That bastard,Chambers! -,Chambers!-,Old Knife's not the only,
br-n04,3TDC,replace,"still. ""If you're goin' to","kill' em - kill' em""!","kill 'em- kill 'em""!",Oso growled. What else he,
br-n08,YoU5,delete,into the soil every Spring,...,,or as ancient fertility cults,
br-n08,3nKc,replace,league with her and her,"child,",child,that its sympathy lay with,
br-n08,3nKc,replace,its sympathy lay with the,"Culvers,",Culvers,that she had erred in,
br-n09,pwBi,replace,make myself feel the same,way.,way,"She studied him hopefully, yearningly;",
br-n09,TQar,replace,around the car with the,boot wearer's,boot-wearer's,"teetering, half-mincing walk. Why did",
br-n09,dkn5,replace,wouldn't either. I figger it's,probl'ya sixty-five mile,probl'y a sixty-five-mile,"walk, and I c'n maybe",
br-n09,wgNI,replace,"I go to the bank,","and"" - "" Huh-uh.","and""- ""Huh-uh.","Now, Mis-ter McBride"", said Lord,",
br-n09,WWHH,replace,another gut-flattening blow to the,stomach.,stomach,But he couldn't keep up,
br-n09,mRb6,delete,done about it. Nothing unless,....,,"Donna! Donna, his young wife,",
br-n10,x4Gj,replace,after a time away from,"you ..."".","you"".","""A year, Luis? Five? Ten?",
br-n10,JJGP,replace,"wait""? ""Maybe in a year,","Tomas ..."".","Tomas"".","""In a year she'll like",
br-n10,io+e,replace,"said. ""Don't press your luck,","badge toter"".","badge-toter"".","Brannon said, ""Now the key",
br-n11,0mnM,replace,"a rodeo. ""Well"", he explained,",""" s'posin","""s'posin'",you was a nester swingin',
br-n11,oD6e,replace,friend was forced to agree.,"""But,","""But","well, it just don't seem",
br-n11,5O/V,replace,"just don't seem sportin' somehow""!","""Sportin""'!","""Sportin'""!",The tall sunburnt rustler-hunter stared,
br-n11,NmsH,replace,sunburnt rustler-hunter stared in amazement.,"""Sportin""'!","""Sportin'""!",he echoed again in soft,
br-n12,ZFjS,replace,"from the livery stable, Brenner",re-entered,reentered,the hotel and faced Summers,
br-n12,LA9l,replace,"for his gun, but apparently",hammer,thought better of,"it. ""That's the stuff"", Curt",
br-n15,S+Ap,delete,one on the right. If,...,,if they're Japs. Let's make,
br-n15,KNZi,replace,"button. ""Now, Sweeneys, now. Let's","take' em home "".","take 'em home"".",He hauled back on the,
br-n16,m97D,replace,"Roebuck an Ah, an Huhmun",says' May,says 'May,Ah hev one too'? just,
br-n16,JFgm,replace,"behahn mah back, an Ah",doanthink,doan think,"thet's nahce at all, d'",
br-n16,JFgm,replace,"doanthink thet's nahce at all,","d' you""?","d'you""?","""No, I don't"", Johnson said.",
br-n16,GEpo,replace,"""I'm a good Baptist, and","drinking ..."".","drinking""",Mrs. Roebuck very kindly let,
br-n17,Lbne,replace,all I could think of,"was -"".","was""-",This time she stopped the,
br-n17,kafr,replace,"forgive me. I'm sorry""! ""I","forgive -"".","forgive""-","""That's what started all the",
br-n17,nbiM,delete,"me both, dear. Haven't we",...,,haven't I seen you ....,
br-n17,nbiM,replace,we ... haven't I seen,you ....,you.,"I mean, surely we've -",
br-n17,Zezt,replace,"you .... I mean, surely","we've - "".","we've""-","""You may have seen me",
br-n17,j0QW,replace,"""I've done several filmed commercials","for -"".","for""-","Then it hit me. ""ZING""!",
br-n17,wURx,delete,"in color, too, Miss, and",...,,"Miss? What's your name, anyway?",
br-n17,ilV+,replace,"and Bill Blake, partners in","ZING! ,","ZING!,",Inc.. They'd peddled the soap,
br-n17,NfH4,replace,"Did, I mean"". She paused.",""" Did","""Did","leap into the pool, and",
br-n17,4HUO,replace,house. But I'm pleased to,"hear - "".","hear""-","""So I just scooted out",
br-n17,aE3v,replace,Quebec Drive. I was so,"scared,",scared,"well, I just ran to",
br-n17,y8Pj,replace,"me, and I was so",scared.,scared,It was just somebody in,
br-n17,xEwn,replace,effects and glorious living color.,""" Soak","""Soak","as long as you want,",
br-n17,y5My,replace,"have everything all to yourself,","doggone "".","doggone""",I looked at my watch.,
br-n20,Cgo0,replace,don't even know where we're,"headed. "" Hettie"",","headed"". ""Hettie"",",he said as gently as,
br-n20,EDob,replace,you want to get them,"aired "".","aired""",She said without turning her,
br-p02,M7f3,replace,"She said, ""Oh Eugenia, I","wish ..."".","wish""","""What""? ""I wish I had",
br-p03,bZCp,replace,,""" Thrifty","""Thrifty",of her to use it,
br-p03,C/fx,replace,her dress up the back.,""" Hurry,","""Hurry,",Frank! They're not going to,
br-p03,vbSl,replace,"Whipsnade Oscar, and Dr. Dunne","P. G.,","P.G.,",and C'un Major Frank. Mr.,
br-p03,02Yi,replace,if I ever hear you,say' Mist,say 'Mist,Laban' again I'll scream. And,
br-p03,8sIz,replace,"Rhyme 'em up cute- Arcilla,","Flotilla "".","Flotilla""","Edmonia for her mother, she",
br-p03,pPkK,replace,"said firmly, Jennifer, for herself,",and -.,and-,"""Kezziah, for Miss Kizzie"", he",
br-p03,gEeJ,replace,"'em out, hon"", he suggested.",""" A","""A","swell party, send an invite",
br-p03,gEeJ,replace,"party, send an invite to",ever' body,ever'body,but them- those folks you,
br-p04,fZqG,replace,got this idea about drying,"out"".","out""","""It ain't an idea""! ""If",
br-p04,ZVKD,replace,got a day's work to,do. -,do.-,"You'll be visiting Miss Doaty,",
br-p07,rP7c,replace,"side. ""Small violently jerked the",weather royal,weather-royal,brace with full intention to,
br-p10,ESbb,replace,door of the Brush-off reading,"""out",OUT,"to work"". It was mostly",
br-p10,ESbb,replace,"the Brush-off reading ""out to","work"".",WORK.,It was mostly for the,
br-p12,tN8E,replace,,""" I","""I",had a rather small place,
br-p12,7DpS,replace,to go to church? he,wondered.,wondered,Probably because it was a,
br-p24,VkZh,replace,going to happen. Mike sat,quietly,quitely,watching the manager come nearer.,
br-p24,DTMZ,replace,"""Listen! This is the second","time "".","time""","""Sit down, sit down"", Eddie",
br-p24,gMt9,replace,don't get it. My batting,"average ... "".","average""","Eddie stood up abruptly, then",
br-r01,Em22,replace,"(and why not, after seven","marriages?) ,","marriages?),",had listed himself for Mormon,
br-r01,FZ4d,replace,"such as: ""They're under sand",dunes.,dunes,"They're better off, I tell",
br-r01,XcMY,replace,"They're better off, I tell",you.,you,"I saved their souls"". The",
br-r01,v5RG,replace,"four, nor five, nor six",of' em -,of 'em-,"there's seven!"" The next day",
br-r01,/Gt+,replace,"Marshall with headlines: ""Viola's Multiple","Romances "", "" Viola","Romances"" ""Viola","Lake an Addict "", ""Downfall",
br-r01,/Gt+,replace,""", "" Viola Lake an","Addict "",","Addict""","""Downfall of Another Film Idol""!",
br-r03,Una7,replace,"had a genius for ""throwing",myself,"myself""","into "" every role and",
br-r03,Una7,delete,"genius for ""throwing myself into","""",,"every role and ""playing it",
br-r03,ydrY,replace,"Letch ""went up"" in his",""" lines"",","""lines"",",I was the one to,
br-r03,Vp6j,replace,"my husband's staggering losses, ""or","else"".","else""",I shuddered to think that,
br-r04,mPAC,replace,won't close and shelves and,"broken "".","broken""","""But those are the things",
br-r05,fAyd,replace,newspaper reported a local romance:,"""and",""" and",the couple were married last,
br-r05,ADF6,replace,the caterer's ad which read:,""" Are you getting married or having an affair?","""ARE YOU GETTING MARRIED OR HAVING AN AFFAIR?",We have complete facilities to,
br-r06,Y5ZO,replace,went up to him and,"said,' But","said, 'But","you are the foreigners'"". I",
br-r06,IxFQ,replace,"demonstration, the Paris Herald Tribune","wrote,' The non violence","wrote, 'The non-violence",became noisier'. And then Eichmann,
br-r06,w3QY,replace,the next day it threatens,"co extinction"".","co-extinction"".",We sat for a while,
br-r06,eUs7,replace,whether or not I was,"non institutionalized"". My host","non-institutionalized"". MY HOST",went over and stared out,
br-r06,IaxA,replace,"in unison, I have no",doubt -' Ba-a-a'!,doubt- 'Ba-a-a'!,The sound mockery of sheep,
br-r06,6Yvm,replace,"laugh"". ""That is only partly","non nonsense"",","non-nonsense"",","he began. ""If you saw",
br-r06,y9DT,replace,"rhinoceros. The rhinos would panic,",screaming' Help'! -if,screaming 'Help'!- if,that can be screamed in,
br-r06,eL0x,replace,a spirit half so quickly,as' Strike frog eating,as 'Strike frog-eating,"Frenchmen dead'""! "" There was",
br-r06,u7ep,replace,"Strike frog eating Frenchmen dead'""!",""" There","""There","was also Gott strafe Angleterre"",",
br-r06,u7ep,replace,"strafe Angleterre"", Moreland reminded me,",""" and","""and","Carthago delenda est, or if",
br-r07,Ut+b,replace,"while she was just talking,",""" you're","""you're",going to tell me what,
br-r08,ll1L,replace,in the unforgettable epoch of,pre Punic,pre-Punic,"War Rome. Marcellus, the hero,",
br-r08,okCX,replace,"OF BINI SALFININISTAS, CAPITAL LP","63711 - R,","@63711-R,",one of the rare recordings,
br-r08,Xaj/,replace,produced a number of so-called,"""non dramas""","""non-dramas""","which have left indelible, bittersweet",
br-r08,wTNA,replace,"charming, and immensely readable My","Friend ,","Friend,",the Quizzical Salamander. Done in,
br-r08,xfzq,replace,"like a huge balloon, in","non time"".","non-time"".",It is his relentlessness and,
br-r08,xixR,replace,It is his relentlessness and,unwavering,unwaivering,adherence to this revolutionary artistic,
br-r09,5vxw,replace,were dining at the Hostaria,"dell 'Orso,","dell' Orso,","in Rome, you jimmied a",
br-r09,KPwh,replace,"same. compassionately yours, S. J.",Perelman. The doors,PERELMAN #REVULSION IN THE DESERT# THE DOORS,of the D train slid,
