file,sent_id,before_context,ours,reference,after_context
br-a01,QUvD,"best interest of both governments"".",,#MERGER PROPOSED#,"However, the jury said it"
br-a01,FGLD,awarding of fees and compensation.,,#WARDS PROTECTED#,The jury said it found
br-a01,fSJO,jury said. Regarding Atlanta's new,million dollar,multi-million-dollar,"airport, the jury recommended ""that"
br-a01,AeuJ,"of keeping the prices reasonable"".",,#ASK JAIL DEPUTIES#,"On other matters, the jury"
br-a01,Cdsw,as his first priority item.,,#CONSTRUCTION BONDS#,"Meanwhile, it was learned the"
br-a01,9MzA,for rural road construction work.,,#A REVOLVING FUND#,The department apparently intends to
br-a02,TjBy,"breakdown, desertion, and ADC dependency"".",,"#""MUST SOLVE PROBLEM""#",The monthly cost of ADC
br-a02,5mT0,"family breakups leading to ADC"".",,#CALLS FOR EXTENSION#,Other recommendations made by the
br-a03,s7hi,was out of the courtroom.,,#FEARS PREJUDICIAL ASPECTS#,"""The statements may be highly"
br-a03,0hTt,"way to go"" toward completion.",,#DECISIONS ARE MADE#,"Asked to elaborate, Pierre Salinger,"
br-a03,H2ix,"Morris J. Wexler, special prosecutor.",,#ISSUE JURY SUBPENAS#,Wexler admitted in earlier court
br-a03,CuQY,sitting in Cook County court.,,#FACED SEVEN CASES#,Karns had been scheduled this
br-a03,bIIX,cases also were under advisement.,,#CLAIMS PRECEDENT LACKING#,After reading his statement discharging
br-a03,vcW8,defeated in Congress last year.,,#COST UP TO $37 A YEAR#,It would be financed by
br-a03,gH/r,for other social security costs.,,#OUTLAYS WOULD INCREASE#,Officials estimated the annual tax
br-a03,21Lx,"of general, not payroll, taxes.",,#NURSING HOME CARE#,The aged care plan carries
br-a03,mOWK,bills of the needy aged.,,#CALLS PROPOSAL MODEST#,He said his plan is
br-a03,APKZ,"his own doctor and hospital"".",,#WOULDN'T PAY DOCTORS#,The plan does not cover
br-a03,XloP,can't afford the schooling costs.,,#CONTRIBUTIONS TO SCHOOLS#,The scholarship plan would provide
br-a03,YAE0,the capacity of existing ones.,,#MORE FOR NURSING HOMES#,"In the area of ""community"
br-a03,nytK,a national child health institute.,,#ASKS RESEARCH FUNDS#,The President said he will
br-a03,NJK1,"means to pay for them"".",,#REACTION AS EXPECTED#,Congressional reaction to the message
br-a03,xWoa,are reported to the floor.,,#ENFORCE BY DEMAND#,The rule was enforced by
br-a04,E3zP,been conspicious by its absence.,,#EXPLOSION AVOIDED#,"In the case of Portugal,"
br-a04,6WV4,yet firmly fixed its policy.,,#EXPLORATORY MOOD#,A certain vagueness may also
br-a04,RpI4,the council as a whole.,,#CONFLICT SURVEYED#,The secretary's greatest achievement is
br-a04,8J0l,to prevent such a possibility.,,#POLICIES MODIFIED#,The inclination here is to
br-a04,cSot,tendency to be too conciliatory.,,#GOP RESTRAINED#,It does not take a
br-a04,FZUi,Massachusetts Institute of Technology educators.,,#DETENTE URGED#,This group pleads with the
br-a04,axC6,Mr. Nixon and the professors.,,#AID PLANS REVAMPED#,Very early in his administration
br-a04,Ph7s,combating this disturbing crime trend.,,#OFFENSES MULTIPLY#,The President has also called
br-a06,IHyZ,Republicanism was a dead issue.,,#REGRETS ATTACK#,Jones said he regretted Hughes
br-a06,wrH+,Jersey attractive to new industry.,,#DECRIES JOBLESSNESS#,Mitchell decried the high rate
br-a06,nVLi,"stands on the tax issue"".",,#DEFENDS IKE#,"Earlier, Mitchell said in a"
br-a06,MNcd,"rebound to Mr. Hughes' discredit"".",,#SEES JONES AHEAD#,"Sen. Charles W. Sandman, R-Cape"
br-a06,Mogv,"is expedient at the time"".",,#ATTACKS REPUBLICANS#,In his only attack on
br-a06,A2cj,expected to be introduced Monday.,,#CONSERVATION PLAN#,The plan will provide $45
br-a07,cRvQ,as bigger than the party.,,#OPPOSITION REPORTED#,Some Democratic district and county
br-a07,EFtu,"Sharkey, the Brooklyn Democratic leader.",,#MAYOR VISITS BUCKLEY#,"As usual, he made no"
br-a07,eBuD,to pick Mr. Gerosa's successor.,,#SCREVANE AND BEAME HAILED#,The Mayor declined in two
br-a07,Ph9c,but is expected back Tuesday.,,#LEADERSHIP IS HOPEFUL#,The housing bill is expected
br-a07,+H59,P. O'Neill Jr. of Massachusetts.,,#THREE GROUPS TO MEET#,What could rescue the bill
br-a07,9u5e,Middle East and Latin America.,,#QUESTION RAISED#,Interviews with several church leaders
br-a07,5QGM,"for all its overseas workers"".",,#MISSIONARY EXPLAINS#,"""I don't work for the"
br-a07,83Ri,organization of the United Nations.,,#FORMULA IS DUE THIS WEEK#,The Advisory Committee on Administrative
br-a07,JJ93,no one was overly optimistic.,,#TACTICS STUDIED IN GENEVA#,W. Averell Harriman of the
br-a07,IkIb,was reached after three days.,,#TO DEAL WITH PRINCIPLES#,"The meetings in Zurich, the"
br-a08,E2wx,viewpoint none can approach it.,,#MANY BUILDINGS#,Within view of the avenue
br-a08,NlTf,vote for the first time.,,#SEATS ON SQUARE#,Along this avenue which saw
br-a08,LJpi,take in the coming year.,,#COULD BE SCRAMBLE#,Some predict the administration will
br-a08,ZHVY,likely early in the year.,,#DISTRICTS ISSUE#,Legislators always get restless for
br-a08,tPgH,to pull it back together.,,#FUTURE CLOUDED#,"Barnett, as the titular head"
br-a08,lBPC,of cash than to segregation.,,#LEGISLATORS WEARY#,"Indeed, the administration's curious position"
br-a08,b5Ji,they know to be ineffectual.,,#UNDERLYING CONCERN#,Passage of the sales tax
br-a08,D/xS,its estimates of anticipated revenues.,,#CONSTANT PROBLEM#,"In either case, it could"
br-a09,ZbBm,"ranged as high as $200,000.",,#'SHORTCUTS' UNNOTICED#,Hemphill said that the Hughes
br-a09,YTxH,before its completion in 1959.,,#CONCERN BANKRUPT#,The Hughes company and the
br-a09,EKuM,"District Attorney James C. Crumlish,",Jr. .,Jr.. #INTERVENES IN CASE#,The suit was filed later
br-a09,d8KP,"21 were repaired, Hemphill charged.",,#WIDE RANGE IN BIDS#,Hemphill said the Hughes concern
br-a09,OEuY,the headline: 'City Hooked for,"$172,000 ""'?","$172,000'""? #'KNOW ENOUGH TO SUE'#","Berger insisted that ""we know"
br-a09,wi7C,"$5000 a year, Goodis said.",,#TESTIFIES AT HEARING#,His testimony came during a
br-a09,MwEP,the accomodations in some hotels.,,#REVENUE ESTIMATED#,The city expects the higher
br-a09,GgdR,a flat $5 a dog.,,#COMMISSIONER REPLIES#,Mrs. Knauer said she did
br-a09,hWFG,"$15,000 to investigate dog bites.",,#BACKS HIGHER FEES#,City Finance Director Richard J.
br-a09,BF9g,"ave., 61st st., and Eastwick",ave. .,ave.. #FOUR PARKS PLANNED#,It is designated as Stage
br-a09,TB3K,developing part of the project.,,#WOULD BAR VEHICLES#,The plan for eliminating traffic
br-a09,O2jp,was in Baptist Memorial hospital.,,#IGNITION SETS OFF BLAST#,The battalion chief said he
br-a09,SF5q,bed and against the wall.,,#HOOD FLIES OVER HOUSE#,The explosion sent the hood
br-a09,9g0N,association and the teamsters union.,,#LED FIGHT ON TEAMSTERS#,Gladden has been an outspoken
br-a10,ld9P,will lack ritiuality and loyalty.,,#PATIENCE NEEDED#,Insuring that the countries have
br-a10,nOrZ,"and to compare, he said.",,#INDIVIDUAL HELP BEST#,"""We have no reason to"
br-a10,F2su,"willing to give their lives"".",,#NEW POINT ADDED#,Many changes involved minor editing
br-a10,DHWR,"the Lord Jesus Christ, and:",,-,emphasizes the Virgin birth the
br-a10,DHWR,and: emphasizes the Virgin birth,,-,the sinless life of Christ
br-a10,DHWR,the sinless life of Christ,,-,His miracles His substitutionary work
br-a10,DHWR,life of Christ His miracles,,-,His substitutionary work on the
br-a10,DHWR,substitutionary work on the cross,,-,His bodily resurrection from the
br-a10,DHWR,bodily resurrection from the dead,,-,and His exaltation to the
br-a10,OzTS,the right hand of God.,,#SUPER AGAIN ELECTED#,Friday afternoon the Rev. T.
br-a10,VnUv,"life"", he told delegates Friday.",,#CHURCH LOSES PACE#,Talking of the rapid population
br-a10,u+Uh,"changes in methods, he said.",,#'CHURCH MEETS CHANGE'#,"""The church's ability to change"
br-a10,10iw,view of proposed plans includes:,,-,"Encouraging by every means, all"
br-a10,zVNe,churches to start new churches.,,-,"Engaging mature, experienced men to"
br-a10,Zrj7,churches in strategic population centers.,,-,Surrounding pioneer pastors with vocational
br-a10,tq19,support to the new project).,,-,Arranging for ministerial graduates to
br-a10,CE09,for the jury to decide.,,#PROOF LACK CHARGED#,Schwab also declared there is
br-a11,llCs,along with a 3-to-o advantage.,,#SIEBERN HITS HOMER#,"Over the first five frames,"
br-a11,D6fI,fifth victory in eight starts.,,#HOUSE THROWS WILD#,With one down in the
br-a11,xeBj,pair and Marv Breeding one.,,#HARTMAN IMPRESSIVE#,"Bill Kunkel, Bob Hartman and"
br-a11,bsQE,threatened but failed to tally.,,#ROBINSON DOUBLES AGAIN#,"In the ninth, Robinson led"
br-a11,RSuX,short to start the rally.,,#LUMPE ERRS#,Jim Gentile bounced a hard
br-a11,wEwl,the scoreboard in right center.,,#CAREY SINGLES#,Carey singled on a slow-bouncing
br-a11,tZow,sixth setback in a row.,,#15 POUNDS LIGHTER#,The 6-foot 3 inch Hansen
br-a11,/IMW,"weight than I'm carrying now"".",,"#SEEKS ""IMPROVED FIELDING""#","The rangy, Albany (Cal.) native,"
br-a11,braH,in tomorrow's 8 P.M. contest.,,"#DUREN, SHELDON ON HILL#","Ryne Duren and Roland Sheldon,"
br-a11,UIU4,assisting as a batting coach.,,#SQUAD CUT NEAR#,Pitcher Steve Barber joined the
br-a11,+BUd,3-5 for the 7 furlongs.,,"#8,280 ATTEND RACES#","Richard M. Forbes's Paget, which"
br-a11,E0m4,in two races on Wednesday.,,#CULMONE GETS FIRST WIN#,"Garden Fresh, the result of"
br-a12,kalw,"night game Saturday, Oct. 21.",-Held,#HUDDLE HEARSAY#- Held,out of Texas Tech's sweat
br-a13,UDfL,strong arm at third base.,,#BINGLES AND BOBBLES:#,Cliff Cook accounted for three
br-a14,/+wE,Gauer works with the ends.,,#CHOICE WAS EXPECTED#,The selection had been expected.
br-a14,yeoF,split between running and passing.,,#COACH PLAYED 3 YEARS#,"Skorich, who is 39 years"
br-a14,LEgk,chapter's player of the year.,,#SHOW FOLLOWS CEREMONIES#,"A crowd of 1,400 is"
br-a14,5IBz,the existing majors to expand.,,#FLUSHING STADIUM IN WORKS#,The New York franchise is
br-a14,gd4W,"Stuart Symington, Democrat of Missouri.",Arnold Palmer,#GOLF'S GOLDEN BOY# ARNOLD PALMER,has been a blazing figure
br-a14,XTZm,banshees wailed in the distance.,,#NO MARGIN FOR ERROR#,On the narrow fairway of
br-a14,3m51,who tried to keep count.,,#STICKLER FOR RULES#,"""How many is that, Jim""?"
br-a14,tuNt,bringing local rules into force.,,#RULING FROM ON HIGH#,"""I can remove the ball,"
br-a15,fOUV,and the Redbirds are 7-9.,,#CHANGE IN PITCHERS.#,Solly Hemus announced a switch
br-a15,DzYM,won both of his starts.,,#NIEMAN KEPT IN LINEUP.#,"After a lengthy workout yesterday,"
br-a15,/BuM,loose at Busch Stadium yesterday.,,#SIX BUCKS OVER .300.#,Until the Bucs' bats quieted
br-a15,zwwR,"ball. No plunkers for him"".",,#SIX BUCS OVER .300.#,The Pirates jumped off to
br-a15,7Ujj,"doubleheader at Quincy, Ill., Saturday.",,#HAPPY HITTING#,If it's true that contented
br-a15,YgC9,to pass those previous peaks.,,#LABOR RELATIONS#,"Yes, we know, they're professionals,"
br-a15,WV76,Ruth's 60 homers of 1927.,,#FOUR FOR ALVIN#,Mays' day came a day
br-a16,GbEp,take a wedding trip later.,,#'BACK WITH THE MET'#,"""We are back with the"
br-a16,yoei,back here from the east.,,#PARICHY-HAMM#,Because of the recent death
br-a16,Ude+,tonight in the Stevenses' home.,,#HERE AND THERE#,The Chicago Press club will
br-a16,jzsK,able to obtain a visa.,,"#FIRST, HONOLULU#",Honolulu will be Mrs. Geraghty's
br-a16,Idoc,will wind up the day.,,#BURKE-ROSTAGNO#,The Richard S. Burkes' home
br-a16,5Wug,will arrive in December also.,,#HERE AND THERE#,A farewell supper Mr. and
br-a17,BOBV,the former Miss Mary Mullenax.,,#BACK TO W. COAST#,Mrs. McIntosh Buell will leave
br-a17,Dz8y,at the Air Force Academy.,,#COCKTAIL PARTY#,Mr. and Mrs. Piero de
br-a17,fXP4,in the public high schools.,,#FASHION SHOW#,The committee for the annual
br-a17,v+zV,"Tucson, Ariz., to New York",City.,City: #SET FOR INFLUX#,"I can testify that motels,"
br-a17,O0NA,"carpeted, free TV, storm cellar"".",,#MANY WITH POOLS#,Innumerable motels from Tucson to
br-a17,XbkO,new and fast-grossing motel business.,,#ALL FOR $14!#,At the Boxwood Motel in
br-a18,q80N,"have no new excitement later"".",,#BASIN STREET BEAT#,But she does indicate festivities
br-a18,Pcx6,"we have selected the best"".",,#SCENIC EFFECTS#,Guests will be treated to
br-a18,UgSP,shop's headquarters at 1213 Walnut,St. .,St.. #BUNDLE CENTERS#,For the convenience of guests
br-a18,8JlX,"25 years that totals $840,000.",,#IT'S BIG BUSINESS#,"""Big business, this little Thrift"
br-a18,MWyX,"local, national and international levels.",,#NOTED ARTIST#,"Mrs. Monte Tyson, chairman, says"
br-a18,9TyS,on as a continuing fund-raiser.,,#OTHERS ASSISTING#,Mrs. Jerome Blum and Mrs.
br-a19,+Z7d,the B. & O. operates.,,#SALARY CUT AND LAY-OFFS#,It will be accomplished in
br-a19,/bJA,per cent of her body.,,#BOY IN FAIR CONDITION#,The boy received second-degree burns
br-a19,u6up,presented at the following meeting.,,#CITES DISCREPANCIES#,Mrs. Williams had a list
br-a19,48C/,at 229 West Pratt street.,,#BARBER SUMMONED#,"He called Vincent L. Piraro,"
br-a19,ioUj,than they were last month.,,#WERNER CRITICIZED#,Conceding that several cities to
br-a19,tg/g,night after the Sunday storm.,,#SENT HOME FOR REST#,Mr. Werner said yesterday that
br-a19,SxeV,a hearing in Juvenile Court.,,#YOUNGER SON CALLS POLICE#,"Soon after 10 A.M., when"
br-a19,nwLM,Southern Maryland on police radio.,,#TWO BROTHERS ADOPTED#,Police said the boys are
br-a19,EOxw,in his office next Friday.,,#SIMPKINS FROM SOMERSET#,Mr. Simpkins is a resident
br-a19,KcJT,involved in maintaining a house.,,#CONVENIENCE HELD KEY#,"""Convenience is therefore the key"
br-a20,711O,modern American nuclear submarine Skipjack.,,#FIVE HELD FOR TRIAL#,The announcement that the secrets
br-a20,fgaw,"gift wrapping, it was testified.",,#FLASHED TO MOSCOW#,A shadowy couple who call
br-a20,mAgH,once ran a candy shop.,,#REFUSES TO GRANT BAIL#,"""I am not prepared to"
br-a20,eN0N,for selling their country's secrets.,,"#""OF HIGHEST VALUE""#",The fact that secrets of
br-a20,7zcB,value to a potential enemy.,,#COURT CLEARED#,Just how many sub secrets
br-a20,1PLo,other four which preceded it.,,#NAVY'S FUTURE INVOLVED#,"""Much of the navy's future"
br-a20,Elgz,"and development for the future"".",,#INTERESTED IN DETECTOR#,The spy ring also was
br-a20,SBPR,"his clients were ""entirely innocent"".",,#'HAD TO KNOW PEDDLERS'#,"""When they became members of"
br-a20,zkF6,"award and the mayor's medal"".",,#NO COMMENTS BY U.S.#,"In opening, D. Arthur Connelly,"
br-a21,DMba,"Jack Walker, or his guard.",,#STEPSON VINDICATED#,The verdict brought vindication to
br-a21,ZpZW,"happy at somebody's else's misfortune"".",,#LIVES ON WELFARE#,"Hengesbach, who has been living"
br-a21,wXyG,was retracted before the trial.,,#CHARGES IN DOUBT#,"Assistant Prosecutor Fred Lewis, who"
br-a21,5mC9,several errors in trial procedure.,,#LOCKED IN MOTEL#,A verdict against Pohl came
br-a21,U47n,during the day and were,,on hand,to hear the verdict read.
br-a21,ZU1/,the adjoining suburb of Warren.,,#SERVICES TOMORROW#,Funeral services for Mrs. Kowalski
br-a21,upkz,2274 Eight Mile road east.,,#HELD CANDLE#,Assistant Fire Chief Chester Cornell
br-a21,ATiI,with medical and funeral bills.,,#$135 DONATED#,"Neighbor women, such as Mrs."
br-a21,/dib,behalf of the Kowalski family.,,#STUDENTS HELP OUT#,Houghton said 6 p.m. Friday
br-a21,/0xL,nurse Monday for Mrs. Kowalski.,,#FUNDS FROM DANCES#,Student Council officers announced today
br-a21,DQQA,the Kowalski children including Christine.,,#EXPRESSES THANKS#,Kowalski has spoken but little
br-a21,Hj9h,belatedly inside the pedestrian crosswalk.,,#GETS CAR NUMBER#,Kimmell ordered the driver to
br-a21,eReF,court order not to drive.,,#GIVEN 15 DAYS#,He was found guilty of
br-a21,9HKu,tomorrow to an immediate cease-fire.,,#HELP ASKED#,"In Vientiane, the royal Laotian"
br-a21,4b9M,"on May 5, he said.",,#PLEA FOR ARMS#,The Laos government plea for
br-a21,N0oo,U.S. Ambassador Winthrop G. Brown.,,#HEAVY SUPPORT#,The Laos government said four
br-a21,V/qg,where the executions took place.,,#ARMS PLOT CHARGED#,"The broadcast said Anderson, a"
br-a21,iN+Y,about 35 miles from Havana.,,#REPORT OTHERS HELD#,At least 20 other Americans
br-a22,IFfb,taking the lead in desegregation.,,#URGED IN 1954#,"The student newspaper, The Emory"
br-a22,5oL/,"of race, color or creed.",,#CORPORATE EXISTENCE#,"""On the other hand, Emory"
br-a22,oe45,on Appeal for Human Rights.,,#'INTEND TO ATTEND'#,"""We intend to attend the"
br-a22,C3tb,other managers decided to attend.,,#GATHER HERE#,The COAHR letter comes on
br-a22,z2rS,the uptown area and Buckhead.,,#R. E. KILLINGSWORTH#,"Raymond E. Killingsworth, 72, died"
br-a22,1vhl,"Bessie Bloom, both of Gettysburg,",Pa. .,Pa.. #JOHN W. BALL#,"John William Ball, 68, of"
br-a22,GuD2,Emma B. Odom of Atlanta.,,#MRS. LOLA HARRIS#,"Mrs. Lola M. Harris, a"
br-a22,gVkW,after he assaulted the officers.,,#POLICE ACCOUNT#,The officers gave this account:
br-a22,hry+,"was still violent, Slate said.",,#ATTACKS OFFICER#,He attacked one of the
br-a22,KWCn,"reported Sunday, the patrol said.",,#BURSTS INTO FLAMES#,"An auto overturned, skidding into"
br-a23,1Y3G,"had yet been received, however.",,#BOARD OKS PACT#,"The commission, meeting for the"
br-a23,5Tnj,"directing it were to leave"".",,#SALARY TERMED MODEST#,Juras said he insisted Field
br-a23,pMvF,"depends on having his service"".",,#HARVEY CRITICIZED#,"Mrs. Peck, later joined by"
br-a23,FMeV,cent dividend on their investment.,,#YOUNGSTERS DO BUSINESS#,The Junior Achievement program is
br-a23,1mKl,among the 16 charter members.,,#G-P MEN SERVED#,"Advisors for the ""national champion"""
br-a23,HwvO,east end failed to place.,,#RESULTS:#,Janet Jossy of North Plains
br-a25,2uHH,acquaintance with crime syndicate hoodlums.,,#GLIMCO A BUDDY#,"Among his gangland buddies, he"
br-a25,kKKA,"cut him off my payroll"".",,#CONNECTION IS SOUGHT#,"Other witnesses, after appearances before"
br-a25,d0XN,"liquor firms, and other businesses.",,#LEE A WITNESS#,Among the witnesses were Ed
br-a25,sl/F,"$1,500 or $1,600 a month"".",,"#A $12,500 PAYMENT#","Leavitt, as he entered the"
br-a25,svLh,"its loss at approximately $10,000.",,#LIEN PAYMENTS INVOLVED#,"Huff's attorney, Antone F. Gregorio,"
br-a25,8b3T,"home with a $17,000 mortgage.",,#CHARGE LISTS 3 CHECKS#,The complaint on which the
br-a27,NNir,defense and foreign aid appropriations.,,#'NOT FLASH IN PAN'#,Sprinkel told conferees that the
br-a27,F8hL,"in late 1959 and 1960"".",,#THESIS REFUTED#,Sprinkel strongly refuted the current
br-a27,hXwb,"substantial improvement in this recovery"".",,#DANGER CITED#,"He cautioned that ""the greater"
br-a27,jMCo,resulting from the steel strike.,,#SACRIFICES NEEDED#,"Draper declared, ""As I see"
br-a27,xzl6,issues represented in the averages.,,#SOME GOOD NEWS#,Although it looked like a
br-a27,XcrB,"of creative and ""unconventional wisdom"".",,#CREATION'S NEEDED#,"""As we look to the"
br-a27,pTY0,advantage which it often needs.,,#NOTHING TO FEAR#,Peterson said America has nothing
br-a27,U+6e,"convertible into 923,076 common shares.",,#DUE IN 1986#,The new offering Tuesday consisted
br-a27,Bef4,"things weaken us"", Perlman said.",,#BAD CONDITION#,Board Chairman Howard Simpson of
br-a27,nYEv,"and prospects unable to qualify"".",,#INCREASE EXPECTED#,The poll was taken at
br-a27,axZ6,themselves and for the industry?,,#LEADERS OF INDUSTRY#,"The reason, says the Housing"
br-a28,qzPC,lag about 5% behind 1960.,,#TWO OF THREE REPORT GAINS#,Among individual dealers questioned in
br-a28,pGEh,"of 1960, he sold seven.",,#DEALERS' STOCKS DOWN#,With dealer stocks of new
br-a30,Md/5,coconut filling and vanilla glaze.,,#MOTHER OF FIVE#,Mrs. Oliver is mother of
br-a30,GWEb,renderings of the three-building complex.,,#FOLIAGE WILL GLOW AT FORMAL FALL PARTY#,Fall foliage and flowers will
br-a30,wwoC,Gen. and Mrs. Leroy Watson.,,#GUESTS FROM ACROSS U.S. HONOR DR. SWIM#,When Dr. W. A. Swim
br-a30,gqmr,"residences, club affiliations and marriages"".",,#STARS FOR MARRIAGE#,Stars throughout the volume denote
br-a30,GSyP,son of the David Huntingtons.,,#PASADENA LISTINGS#,Listed as newly wed in
br-a30,7sPp,Southern California for Mexico City.,,#MORE NEW ADDRESSES#,Judge and Mrs. Julian Hazard
br-a30,ZFZT,hang directly under the light.,,#PULLING STRINGS#,Using the strings that manipulate
br-a30,atwE,"innate sense of the practical"".",,#SOLID INVESTMENT#,There are a number of
br-a31,FPOf,"pulling good biz, he says.","Al Fike,","#WE LIKE FIKE# AL FIKE,","an ex-schoolteacher from Colorado, is"
br-a31,3EbT,is nevertheless worth your appraisal.,Cafe Society,#NEW OWNERS# CAFE SOCIETY,opens formally this afternoon under
br-a31,0D3/,which also plays for dancing.,Herbert Heilman,#HERE AND THERE# HERBERT HEILMAN,in town for a day.
br-a31,TKEl,Evelyn Perry at the Escape.,Hear that,#MURPHY HONORS# HEAR THAT,Patricia Murphy flies up to
br-a32,yhbw,the Kirov's utterly captivating presentation.,,#PRECISE#,The reasons for this enchantment
br-a32,r86u,peculiar to the American ballet.,,"Oh-the-pain-of-it,",that convention of Russian ballet
br-a32,5aTA,refinement which are simply incomparable.,,#HIT#,"Alla Sizova, who seems to"
br-a34,a4+a,,,#FOR CRUCIAL ENCOUNTER#,One of the initial questions
br-a34,Io/2,encounters of the cold war.,,#ROAD TO VIENNA#,The U. S. and Soviet
br-a34,NK7G,leader's real aims in summitry.,,#PRE-INAUGURAL POSITION#,Thus when Premier Khrushchev intimated
br-a34,RZji,hand to Premier Khrushchev's doorstep.,,#ATTITUDE FLEXIBLE#,At the same time the
br-a34,p4HD,because it was deteriorating alarmingly.,,#DEADLOCK ON TESTS#,The President was especially concerned
br-a34,Sead,"relationships between the two countries"".",,#THE OUTLOOK#,The Vienna meeting will bring
br-a34,znIa,"part at least, from Washington.",,#OTHER ALLIES CONSULTED#,There was also the fact
br-a36,dR7H,ideology of the social structure.,Anti-trust,(P. 214) anti-trust,laws became the greatest protection
br-a36,e2JW,protection to uncontrolled business dictatorship.,When,(P. 215) when,"corporate abuses were attacked, it"
br-a36,p7p0,rock of the anti-trust laws.,In,(Pp. 228-229) in,"any event, it is obvious"
br-a37,vQRU,,,#THE NATION#,At a closed-door session on
br-a37,b7aU,F. Kennedy on Inauguration Day.,,#THE CONGRESS#,As the 87th Congress began
br-a37,dlOg,settlement once and for all.,,#REPUBLICANS#,"Since Election Day, Vice President"
br-a38,WxMk,with his second straight 69.,,#END AT SEVEN#,Until late last Saturday afternoon
br-a38,rsYD,the 13 tournaments to date.,,#INSTANT RIVALRY#,"On Thursday, the first day"
br-a38,9dOd,the intervening fairways in reply.,,#THE BOLDNESS OF CHAMPIONS#,Anyone who now doubted that
br-a39,Ep+r,a closing spurt never matched.,,#DOUBLE THREAT:#,"Always, in the abortive attacks"
br-a39,Y5M9,"Maris to get to Mantle""?",,#ROOMMATES:#,"Neither Mantle nor Maris, understandably,"
br-a39,qqb+,as much as $250 each.,,#LIGHT READING:#,Neither Mantle nor Maris need
br-a39,XvG0,"nine out of ten times"".",,#IDOLS' IDOLS:#,One good indication of the
br-a40,Hja5,"walls waiting for new pictures"".",,#BREAK IN GEORGIA#,The University of Georgia has
br-a40,nVk9,University of Georgia this week.,,#CATCH FOR CHICAGO#,When the University of Chicago's
br-a42,p4/u,,,#THE PRESIDENCY: TALKING AND LISTENING#,Though President John F. Kennedy
br-a42,8gsl,"talk, and listen, with reason"".",,#CRIME: 'SKYJACKED'#,From International Airport in Los
br-a42,VTUY,"Phoenix to look for jobs"".",,#CONGRESS: MORE MUSCLE#,Taking precedence over all other
br-a42,DChB,the bill would pass intact.,,#FOOD: STEW A LA MULLIGATAWNY#,Most members of the U.S.
br-a43,j4O/,21 easily outnumber price declines.,,#TAX-FREE RETURNS.#,"Investors, however, still see an"
br-a43,8x1I,"than $32,000 of taxed income.",,#SWELLING TRAFFIC.#,A new report on the
br-a43,1S+z,turnpike is extended into Boston.,,#SLOW SUCCESSES.#,Some turnpikes have not been
br-a43,aBg2,Texas Turnpike are under study.,,#EASIER ACCESS.#,"Progress is being made, too,"
br-a43,ZDO+,deficiency for eight more years.,,"#FOR SOME ROADS, TROUBLES.#",Investors studying the toll-road bonds
br-b01,lnEX,,,#ASSEMBLY SESSION BROUGHT MUCH GOOD#,"The General Assembly, which adjourns"
br-b01,+Pkc,without all the political heroics.,,#LEAGUE REGULARLY STANDS ON THE SIDE OF RIGHT#,"The League of Women Voters,"
br-b01,b6yV,on the side of right.,,#LOOK TO COOSA VALLEY FOR INDUSTRIAL PROGRESS#,Cities and counties interested in
br-b01,grzB,than through the go-it-alone approach.,,#RUSK IDEA STRENGTHENS UNITED STATES DEFENSE#,The Rusk belief in balanced
br-b01,2oGL,safety into our military position.,,#DEKALB BUDGET SHOWS COUNTY IS ON BEAM#,DeKalb's budget for 1961 is
br-b01,F17d,"placed, and other county officials.",,"#SOMEWHERE, SOMEBODY IS BOUND TO LOVE US#",G. Mennen Williams is learning
br-b01,BB+U,"go home"". Chin up, Soapy.",,#POWER COMPANY BACKS CONFIDENCE WITH DOLLARS#,Confidence in the state's economic
br-b01,7E+a,The boost is helpful but,inadequate.,inadequate.- #THE END OF TRUJILLO#,"Assassination, even of a tyrant,"
br-b01,MMsL,the greatest sympathy and help.,,#START ON RAPID TRANSIT#,High-speed buses on the George
br-b02,2NUG,,,#MUST BERLIN REMAIN DIVIDED?#,The inference has been too
br-b02,ihhL,to some that have passed.,,#PRAIRIE NATIONAL PARK#,"Thousands of buffalo (""bison"" they"
br-b02,Ovpf,Congress is asked to approve.,,#WHISKY ON THE AIR#,A Philadelphia distiller is currently
br-b02,JVNR,bourbon. A law is needed.,,#NEW YORK: DEMOCRATS' CHOICE#,Registered Democrats in New York
br-b02,kPEb,their government and their party.,,"#LITTLE WAR, BIG TEST#",Both Mr. K's have so
br-b02,HX1d,Mr. Khrushchev's choice of alternatives.,,#A VOTE FOR EDUCATIONAL TV#,The Senate's overwhelming (64-13) vote
br-b03,eRjc,,,"#A GOOD MAN DEPARTS GOODBY, MR. SAM#",Sam Rayburn was a good
br-b03,GBt9,he was a good man.,,#UN OFF THE CONGO TRACK#,Thirteen Italian airmen who went
br-b03,sdum,blindly on to certain defeat.,,#FEATHERBED REVERSAL#,A recent editorial discussing a
br-b03,gh5Y,a series of union demands.,,#MEDITATIONS FROM A FALLOUT SHELTER#,Time was when the house
br-b03,nKJk,to pass the time away.,,#THE CUSTOMER LOSES AGAIN#,The board of suspension of
br-b04,Ymz4,,Word,#A SHOCK WAVE FROM AFRICA# WORD,OF Dag Hammarskjold's death in
br-b04,kCKL,is the hope of mankind.,Reaching agreement,#MONUMENT TO TOGETHERNESS# REACHING AGREEMENT,on projects of value to
br-b04,fXzr,get together on worthwhile enterprises.,"Progress,","#A SHORT REPORT AND A GOOD ONE# PROGRESS,","or lack of it, toward"
br-b04,rWxw,stands out among the 50.,West Germany,#WEST GERMANY REMAINS WESTERN# WEST GERMANY,will face the crucial tests
br-b04,oQ8G,"began, draws near the end.",Americans,#BETTER ASK BEFORE JOINING# AMERICANS,"are a nation of joiners,"
br-b04,MXUe,all should agree to nothing.,,#CLOSED DOORS IN CITY HALL#,The reaction of certain City
br-b05,hqob,,If,#HELP WHEN NEEDED# IF,"THE Dominican Republic achieves free,"
br-b05,VtCI,demonstrated by the United States.,Those,#MATTER OF SURVIVAL# THOSE,watching the growing rivalry between
br-b05,qoBI,it is itself to survive.,The,#DETERRENT# THE,"Army, Navy and Air Force,"
br-b05,zZc3,also swindling the American taxpayer.,,#WHAT'S WRONG AT STATE#,A Senate subcommittee headed by
br-b05,67bY,but needed commodity in Congress.,Forecasting,#BETTING MEN# FORECASTING,economic activity is a hazardous
br-b05,j/kh,secretary's neck may be spared.,Cambodia's,#LITTLE RESISTANCE# CAMBODIA'S,"chief of state, who has"
br-b05,dsF8,the courage of his convictions.,Commerce,#BOTTOM SIGHTED# COMMERCE,Secretary Hodges seems to have
br-b05,hWKJ,preferred to a tax cut.,New Jersey,"#IN NEW JERSEY, TOO# NEW JERSEY",folk need not be told
br-b05,fDPU,heritage is shrinking even faster.,Much,#NO JOYRIDE# MUCH,of the glamor President Kennedy's
br-b07,HIxE,to no single nation's ambition.,,#WHAT THE NEW CHARTER DOES#,"The new City Charter, which"
br-b07,DbpH,members will be discussed tomorrow.,,#INTER-AMERICAN PRESS#,"The Inter-american Press Association, which"
br-b07,P2un,of the Inter-American Press Association.,,#MEETING IN MOSCOW#,The Twenty-second Soviet Communist Party
br-b07,m9M7,and performance on the job.,,#DR. CONANT'S CALL TO ACTION#,Dr. James B. Conant has
br-b07,1Xu2,state of the public schools.,,#AND NOW- MORE JUNK MAIL#,A fascinating letter has just
br-b07,PHZG,receive on a regular basis.,,#OUR CREDITORS DO NOT FORGET US#,Letter writing is a dying
br-b10,YHAy,"talking about, I'll use it"".",,#TWO SPOTS OPEN#,This was just Richard's way
br-b10,6Egd,than it did last year.,,#ROBBY COULD BE BETTER#,"Brooks Robinson is great, and"
br-b10,lQrd,reduce his over-all offensive production.,,#BREEDING MIGHT MOVE UP#,Gentile can hardly do better
br-b10,fprp,experienced mother's comments. She wrote:,,#TOTAL DISINTEREST#,"""As the mother of an"
br-b10,TgBa,Only ingenuity will uncover it.,,#WHAT FUTURE HOLDS#,"""Dear Doctors: We learned this"
br-b10,MNaM,even to marriage and parenthood.,,#SINGLE-COLOR USE#,A first grader colors pictures
br-b10,5xek,was worked in naturalistic color.,,#CHINESE INFLUENCE#,For a particularly fabulous room
br-b12,Ppxy,they are available on microfilm.,,#ON THE JOB#,A top official of the
br-b12,Bur0,"talent- but we lack cohesion"".",,#KIND MR. SAM#,Among the many stories about
br-b12,6aHG,"the Revised Standard Version, 1946-52.",,#NOT RIVAL#,The New English Bible (the
br-b12,H48i,"dove, and lighting upon him"".",,#CLEARER MEANING#,"Certainly, the meaning is clearer"
br-b12,A6m2,This is not contemporary English.,,#MOSTLY CONTEMPORARY#,"For the most part, however,"
br-b13,6h/j,is found on teenage pumps.,,#COOLEST SHADE#,While white is the coolest
br-b13,psII,"black, navy and taffy tan.",,#DESIGNED FOR EASE#,Designed for summer comfort are
br-b13,8CE+,experimentation and changes in technique.,,#TURN OVER#,writes: Does numbness in the
br-b13,FN8A,the neck to the hand.,,#STEAM BATHS#,writes: Do steam baths have
br-b13,7ANv,shower will do the same.,,#SEWING BRINGS NUMBNESS#,writes: What makes my hands
br-b13,zdiZ,the beginning of sewer's cramp.,,#BRACE FOR SCIATICA#,writes: Does a brace help
br-b13,mhkl,upon the cause of sciatica.,,#CHOLESTEROL AND THYROID#,writes: Does the cholesterol go
br-b14,SpB4,all the winds of fall.,,#UNDERGRADUATES#,It is at precisely such
br-b14,HpFT,the weight of the fat,,that,is on him. His bridgework
br-b14,of56,been exhausted; that does it.,,#MIDDLE-AGED SPREAD#,By then one begins to
br-b14,W3Cf,18 per cent of the,"""Negro""vote.","""Negro"" vote. #'TASK FORCE'#","A GOP ""task force' committee"
br-b14,ucIJ,GOP hopes in the cities.,,#ERRORS REPEATED#,The present Republican leadership as
br-b16,Tb0y,,,"#""A LOUSY JOB""#",No doubt there have been
br-b16,s2lB,then heaven help us all.,,#QUESTIONS SHELTERS#,Defense Secretary Robert S. McNamara
br-b16,crLB,mean the end of civilization.,,#SHORT SHORTS ON THE CAMPUS#,It seems college isn't what
br-b16,L05G,properly and not in shorts.,,#MASARYK AWARD#,The granting of the Jan
br-b16,W21V,"freedom [public housing, foreign aid,",etc .].,etc.]. #SUBSIDIES FROM CTA#,"In today's ""Voice"", the CTA"
br-b16,DhD+,"school children, policemen, and firemen.",,#MARKETING MEAT#,In reply to a letter
br-b16,19N7,"the consumer, not the store.",,#THE LEGION CONVENTION AND SIDNEY HOLZMAN#,"I, too, congratulate the American"
br-b16,kemM,the discharge of their duties.,,#TEACHING THE HANDICAPPED#,The Illinois Commission for Handicapped
br-b16,OZa4,for all of its children.,,#FROM CANDLELIGHT CLUB#,I just want to let
br-b16,qJYH,and a really wonderful person.,,"#MORE SCHOOL, LESS PAY#","Is this, perhaps, one of"
br-b16,Mrxf,as an ordinary unskilled laborer?,,#THE DUPONT CASE#,[Editorial comment on this letter
br-b16,8OOw,total inaccuracy of the editorial.,,#CONGRESSWOMAN CHURCH#,I concur most heartily with
br-b16,ZCCG,"working, best representative in Congress.",,#HARMFUL DRINKS#,A recent news story reported
br-b16,4Wcu,Sinatra and Martin to guzzle.,,#TOWARD SOCIALISM#,Overt socialism means government ownership
br-b17,NDyg,,,"#""WORKERS OF THE PARTY""#",Sir- We are writing in
br-b17,GMfk,citizens of the United States.,,"#""PLUS-ONE"" SHELTERS#",Sir- I read of a
br-b17,rtbd,"of our ""plus-one"" shelter club.",,#ESCAPE#,Sir- People continue to inquire
br-b17,vnxp,escape from a woman's world.,,#SUPPORTS KATANGA#,Sir- When the colonies decided
br-b17,/ioR,of self-determination of the Katangans.,,#COUNTY COLLEGE COSTS#,Sir- Permit me to commend
br-b17,ftZZ,This is taxation without representation.,,#TAXING IMPROVEMENTS#,"Sir- Your editorial, ""Housing Speedup"","
br-b17,noct,will have a terrific uplift.,,"#""NATURAL CAUSES""#",Sir- An old man is
br-b17,LB+m,"""death due to natural causes"".",,#PRAISES EXHIBIT#,Sir- Every resident of this
br-b17,iasX,challenge presented by this exhibit.,,#PARKWAY COURTESY#,Sir- I hasten to join
br-b17,zm6R,biscuit. It was very refreshing.,,"#""DEEP PEEP SHOW""#","The viewers of the ""deep"
br-b17,izh8,and is therefore much younger.,,#WORKING FOR PEACE#,Recently the secretary of the
br-b17,1cTS,"flood, accident or even war?",,#PETS IN APARTMENTS#,It seems rather peculiar that
br-b17,qY+R,of prohibiting dogs in apartments.,,#SIDEWALK CAFES#,Use the terraces of the
br-b17,hUOQ,and enjoy the passing crowd.,,#DISSENTING VIEWS OF SENATORS#,Two strong dissents from the
br-b18,5BgU,,,#FOR A NEUTRAL GERMANY#,For the first time in
br-b18,iBBL,a terrorized and tortured world.,,#MEETING U. N. OBLIGATIONS#,In your editorial of Sept.
br-b18,JYqJ,in the Charter for expulsion.,,#TO AID INTERNATIONAL LAW#,In your Sept. 27 editorial
br-b18,asmV,Senate of the Connally amendment.,,#FOR BETTER SUBWAY SERVICES#,Many home-bound subway riders utilizing
br-b18,+n/H,installed at the Woodside station.,,#PHONE SERVICE CRITICIZED#,As a business man I
br-b18,OjTr,does have a Government-blessed monopoly.,,#FAIR-PRICED FUNERAL#,I disagree with the writer
br-b18,CpMb,hospitals and doctors should be.,,#HELPING RETARDED CHILDREN#,Recently I visited the very
br-b18,TIX+,these dedicated mothers can do.,,#JOBS FOR CAVANAGH#,I was surprised at Mayor
br-b18,H4Ks,"public, they should be examples.",,#CHURCH FINDS NEWS FEATURES ARE HELPFUL#,At a recent meeting of
br-b18,K5K4,provide material along wholesome lines.,,#RUDE YOUNGSTERS#,Thank you for the article
br-b18,wAGI,bad taste of his advertising.,,#DUNES PARK ADVOCATE#,I commend Senator Hart for
br-b19,nRdB,,,#GHOST TOWN?#,I just wish to congratulate
br-b19,sJsS,"city into a ""ghost"" town.",,#DEFENDS BIG TRUCKS#,I worked on the Schuylkill
br-b19,+Obt,guard against hogging the road.,,#OUT OF SCHOOL AT 14#,The letter writer who suggested
br-b19,utR0,"high schools, not more dropouts.",,#TWO WRONGS#,I suppose I am missing
br-b19,+3H9,do not make a right.,,#'WE TREMBLE NOT'#,Everyone should take time to
br-b19,WMZl,first half of the third,verse.,verse: #OUT OF THE RACE#,"To our everlasting shame, we"
br-b19,occX,our master- and destroy us!,,#WHY TRUST JAGAN?#,"Just because Cheddi Jagan, new"
br-b19,G/tr,get burned before we learn?,,#RUSSIA AND U.N.#,Just to remind the Communists
br-b19,Niw2,the Soviets expelled from the,U. N.?,U.N.? #BELATED TRIBUTE#,"While ""better late than never"""
br-b19,T3Is,has been inadequate and tardy.,,#'PEOPLE TO PEOPLE'#,Just a brief note of
br-b19,JF+y,"coverage of Ahmad's visit, too!",,#EXPRESSWAY ANSWER: EAST RIVER DRIVE#,Your continuing editorials concerning the
br-b19,VFFf,"putting it another way, keep",ars,cars,starting and ending on the
br-b19,PNEm,of the East River Drive.,,#SHADOW OVER WASHINGTON SQUARE#,I wish to advocate two
br-b19,XUVv,"rendered, what the birds would",ask.,ask: #NOT PUSH-UPS BUT STAND-UPS#,There is a trend today
br-b19,RlGB,she needs to stand up!,,#DISPUTES STANS COLUMN BUSINESS SCANDAL VIEWS#,The new column by Maurice
br-b20,bHh0,,,#ESCALATION UNTO DEATH#,The nuclear war is already
br-b20,iQyl,new high in statesmanlike folly.,,#THE TIDE TURNS#,When East Germans fled to
br-b20,aZrR,is what the West wants.,,#VACANCY#,The removal of Stalin's body
br-b20,CUvE,that in the turmoil preceding,,the,French Revolution the body of
br-b20,9lcp,"rural cemetery, everyone will understand.",,#U THANT OF BURMA#,The appointment of U Thant
br-b20,ViC3,Congo have been proved wrong.,,"#TO THE HILLS, GIRLS#",No one who has studied
br-b22,HRqX,would be a good start.,When his,#ECUMENICAL HOPES# WHEN HIS,"Holiness Pope John 23, first"
br-b22,7BX2,to respond to these words?,The administration's,#THE BUDGET DEFICIT# THE ADMINISTRATION'S,"official budget review, which estimates"
br-b22,o6hv,something about a New Frontier.,Introduction,#ETHICS AND PEACE# INTRODUCTION,"of the ""dialogue"" principle proved"
br-b23,kB9X,temporally linked complex of Tshombe-Gizenga-Goa-Ghana.,,#WHAT THE MOMENTS REVEAL#,This prime element of the
br-b23,v9/U,more consistent and more active.,,#KEY TO THE PUZZLES#,Most immediately relevant to these
br-b24,Urk4,,,#BROADWAY#,"To write a play, the"
br-b24,trY9,failing imagination of U.S. playwrights.,,#NIGHTCLUBS#,"He: ""Come with me to"
br-b24,Vfvu,sweater for a button-down collar?,,"#A SHORT, TORMENTED SPAN#",Of the handful of painters
br-b26,WMui,,,#TENURE AS CRITERION#,I would like to add
br-b26,wj+I,employer if he so chooses.,,#LOSS OF INITIATIVE#,On the eve of the
br-b26,q2ut,we conduct our political affairs.,,#A BRIEF FOR THE NEGATIVE#,I disagree with Mr. Burnham's
br-b26,ICQD,be continuing in our pages.,-Ed. .,-ED.. #MENTAL TELEPATHY?#,The Peiping Chinese were the
br-b26,vX/k,offering price will be removed.,,#A PROFESSOR AND THE ARMY#,In 1954 I was drafted
br-b26,bY6J,our society has gone mad.,,#MERCENARY: TERM OF HONOR?#,In news broadcasts I consistently
br-b26,WbEw,"days of World War 2,.",,#MODERN POSTAL SLOGAN#,It doesn't take a Gore
br-b26,QZer,"possible), the slogan cannot fail.",,#THE IMPENDING DEATH OF POPE#,In the issue of March
br-b26,Iufd,of an anti-Communist American pilot?,,#AN ANALOGY#,A few days before I
br-b27,Gw7j,,It seems to me,#CONFRONTATION# IT SEEMS TO ME,"that N.C., in his editorial"
br-b27,cXSq,"soon be Peace Corps volunteers"".",,#IMPROPER BOSTONIAN?#,F. L. Lucas's article in
br-b27,RfB0,"a perilous sport at best"".",Lester Markel,#FACTS IN FOCUS# LESTER MARKEL,is on the right track
br-b27,x9KH,possession of reporters and editors.,,#SOUTHERN CALIFORNIA BLACKOUT#,I would like to see
br-b27,vPGw,the networks' attention to this?,,#FOR A COLLEGE OF PROPAGANDA#,I was interested in James
br-b27,5IXl,hope it sparks some action.,Many of us,"#LET THE MEDIA CLEAN HOUSE, TOO# MANY OF US",in public relations were flattered
br-b27,EPwt,the American Public Relations Association.,,#SNOW STORM#,I was surprised and sorry
br-c01,Ldtj,baton lacks technique and style.,,#BAYREUTH NEXT SUMMER#,The Bayreuth Festival opens July
br-c01,ShQj,just the thing they want.,,#SPLENDOR BY SORCERY#,It's a horror. The name
br-c01,Q6zk,a fox's life on earth.,,"#FIRST ONE, THEN THE OTHER#","If, in Larkin's eyes, they"
br-c03,Uf+b,and self-critical than most soldiers.,,#REMAKING AN ARMY TO WIN#,"""Defeat Into Victory"" is a"
br-c03,fvdv,river barges to be built.,,#EXPECTED OF A COMMANDER#,Commenting on these and other
br-c06,IcpO,of what went wrong this,way.,way: #DASHED HOPE#,"""You see, first of all"
br-c06,tUf2,an excellent job of debunking.,,#PLEBIAN DICTATORS#,Of many passages in the
br-c07,OcWO,blotted out the Italian madrigal.,,#EARLY INTEREST#,Latter-day interest in Elizabethan singing
br-c07,MS2n,Texts and translations are provided.,,#ELEGANCE AND COLOR#,The elements of elegance and
br-c08,DRAJ,thing seem better than ever.,,#JAZZ THREE OPEN PROGRAM#,The evening program was opened
br-c08,DLpu,spot on the evening program.,,#JULIE WILSON SINGS#,"Julie Wilson, a vigorous vocalist"
br-c08,5Hpg,he may seem to be.,,#SHEARING TAKES OVER#,George Shearing took over with
br-c08,p0jT,music of the Negro churches.,,#SURPRISE ADDITION#,To help him on this
br-c09,S+7N,confident dance creator need be.,,#'AN AMERICAN JOURNEY'#,"A brisk, satirical spoof of"
br-c09,8rud,"retrieved from a 1928 failure,",""" Treasure Girl "").","""Treasure Girl"".) #SECOND CHANCE#","Like the Gershwins, Richard Rodgers"
br-c09,IKJh,and dance music that sparkles.,,#RESOURCEFUL VOICES#,"There are the full-bodied, resourceful"
br-c10,UU3c,,,"#RING OF BRIGHT WATER, BY GAVIN MAXWELL. 211 PAGES. DUTTON. $5.#",Only once in a very
br-c10,s9rH,"""Original Dixieland One-Step"", ""Bourbon Street","Parade "", "" Panama "", ""","Parade"", ""Panama"", ""Toot,","Toot, Toot, Tootsie "", """
br-c11,hTxS,the effectiveness of his book.,,#A LESSON IN POLITICS#,"As a dramatic narrative ""The"
br-c11,ciSF,to be a fine President.,,#PRESSURES PORTRAYED#,"Throughout ""The Making of a"
br-c13,pGbS,an estimated eight billion years.,,#EXPANDS AND CONTRACTS#,Dr. Bonnor supports the idea
br-c13,mJrw,the expansion of the universe.,,#FLEETING GLIMPSE#,"This slim book, while giving"
br-c14,m2pz,"shower of sophisticated, cultural references.",,#A CONTEMPLATIVE CONNOISSEUR#,"""I like to sniff a"
br-c14,0P8/,aptness of an unexpected comparison.,,#BEAUTY BORROWED FROM AFAR#,In one of his best
br-c15,5ini,"guide, keyed to the calendar.",,#NATURE#,Late September finds Quebec's color
br-c15,XGtR,the first week of October.,,#MIDDLE ATLANTIC STATES._,The Adirondacks blaze brightest in
br-c15,6ub4,in similar trips Oct. 1.,,#AMERICANA#,Two sharply contrasting places designed
br-c15,KUKy,3 - 1 2 acres.,,#BOOKS#,"Carson McCullers, after a long,"
br-c15,jEFK,Hoosier housewife and popular columnist.,,#DANCE#,Two noted troupes from overseas
br-c15,ycmW,los Angeles (Sept. 29-Oct. 1).,,#FESTIVALS#,"With harvests in full swing,"
br-c15,U/3n,both include parades and pageants.,,#MOVIES#,"This French film, set in"
br-c15,ewzn,to profit from the act.,,#RECORDS#,Callas devotees will have good
br-c15,/N1K,country is mapped out below.,,#BOATING#,Pleasure boating is just scooting
br-c17,o/Ny,"to think, to survive divine.",,"#FADS, FACTS#",Not all the concern for
br-c17,JmRO,and experimented on Minneapolis businessmen.,,# AND FATS.#,"Keys's findings, though far from"
br-c17,gxXO,and leads to coronary disease.,,#OBESITY: A MALNUTRITION.#,"Throughout much of the world,"
br-c17,ahLS,nearly all sense of satiety.,,#FOOD FOR FRUSTRATION.#,"Far more frequently, overeating is"
br-c17,jOu0,eating smaller portions of food.,,#THAT REMARKABLE CHOLESTEROL.#,Despite his personal distaste for
br-c17,Wdme,"is permanently, perhaps fatally injured.",,#FATS & CORONARIES.#,"Ordinarily, the human liver synthesizes"
br-d01,041v,"a particular church or church-state"".",,(page 34),Apparently he does not intend
br-d01,h16X,author's convictions to the contrary.,,#SPIRIT AND COMMUNITY#,There is nothing in the
br-d03,uG8v,resented the charge of being,"""English"".","""un-English"".",I have not seen this
br-d06,6kfL,the religions in the world.,n,In,"an amateu6rish, yet in a"
br-d06,GIKP,as your own personal Saviour.,,"""As many as received him [Jesus], to them gave he power to become the sons of God, even to them that believe on his name""",
br-d08,8nVz,more than a thousand years.,,"#2. THE ""LO SHU"" SQUARE AS AN EXPRESSION OF CENTRALITY#",The concept of the Middle
br-d08,Q6Pe,in China for many centuries.,,"#3. YIN AND YANG IN THE ""LO SHU"" SQUARE#",Although the primary mathematical properties
br-d09,w8wx,means spiritual paralysis or death.,Churches that have,#PREPARATION FOR MEMBERSHIP# CHURCHES THAT HAVE,a carefully planned program of
br-d09,1UcT,giving out a membership packet.,Most pastors find,#FOURTH SESSION IMPORTANT# MOST PASTORS FIND,that the fourth session should
br-d09,buER,acquainted with the new members.,In conducting,#ADDITIONAL SUGGESTIONS FOR MEMBERSHIP PREPARATION# IN CONDUCTING,"the Membership Preparation-Inquirers' Class, the"
br-d09,6VUR,Loyalty to the Reception Service.,There is a growing conviction,#WHAT ABOUT TRANSFERS?# THERE IS A GROWING CONVICTION,among pastors and Church leaders
br-d09,og+Q,local church and its organizations.,The total process,#RECEPTION INTO THE CHURCH FELLOWSHIP# THE TOTAL PROCESS,of evangelism reaches the crescendo
br-d09,n7rS,with new members as guests.,The church,#CHAPTER 6 PLANNING FOR THE ASSIMILATION AND GROWTH OF NEW MEMBERS# THE CHURCH,"is ""the family of God""."
br-d09,gBtS,unconcern for their spiritual welfare.,New members,#BASIC NEEDS# NEW MEMBERS,"can become participating, growing members."
br-d09,vuv7,things from their church family:,,- Welcome into the fellowship - Sincere Christian love and understanding - Inspiring and challenging worship experiences - Social and recreational activities - Opportunities for Christian service - Opportunities for study of the Christian faith and the Bible - Creative prayer experiences - Guidance in Christian social concerns,
br-d10,80K/,"areas: personal, national, and theological.",,"#1,#",By personal factors I mean
br-d10,rkwA,the development of such deficiencies.,,"#2,#",While the personality factors that
br-d10,5M25,harmony between Muslims and Jews.,,"#3,#",I turn finally to several
br-d12,DUHI,people in certain community areas.,,#A NARROW PROFESSIONALISM#,How explicit such factors have
br-d12,dEM7,of racial agitation and strife.,,"#""AGAINST THE GRAIN OF CREATION""#","(2) Realtors realize, of course,"
br-d12,kc8Q,processes take on theological dimensions.,,#A FRAGMENTED SOCIETY#,"(3) Over the years, individuals"
br-d13,I8Fg,an invigoration of our faith.,,#ATOMIC ENERGY#,To see this vision in
br-d13,/7nF,abundant living for everyone everywhere.,,#AN OCTILLION ATOMS#,Now let us see where
br-d13,+jsx,and how complicated you are.,,#A SPECK- AND SPACE#,Now although an atom is
br-d13,7tSR,us how immaterial we are.,,#MUSIC OF THE SPHERES#,Now this 1920 view of
br-d14,E9PD,Protestantism of the nineteenth-century immigration.,,#THE AMERICAN DREAM#,The ideals of the country
br-d14,OL4m,out of a Christian background.,,#REFORM MOVEMENTS#,"With such a dream arising,"
br-d14,oNqe,stages of the revolutionary age.,,#THE ANTI-SLAVERY MOVEMENT#,The movement to end Negro
br-d15,QkTi,spiritual beings be fed therewith.,,"(3)""",
br-d16,4ec/,source of great spiritual blessing.,,#THE NEED OF THE NEW BIRTH#,Do not wonder that I
br-d16,qb2g,"spirit. St. John 3:5, 6.",,#EVIDENCES OF THE NEW BIRTH#,Everyone who believes that Jesus
br-d16,YPxJ,"again '"". St. John 3:3,",5 - 7.,5-7. #THE NATURE OF THE NEW BIRTH#,For in Christ Jesus neither
br-d16,Yxqm,to life. St. John 5:24.,,#THE MEANS OF THE NEW BIRTH#,But to as many as
br-d16,K2ZA,"God. St. John 1:12, 13.",,#A FINAL WORD#,"You may be very religious,"
br-e02,x6ug,each year with eager anticipation.,,#NATURALLY DORMANT AND NO SPRAY DANGER#,"Today, refrigerated carriers have made"
br-e02,N6sH,no hazard to the consumer.,,#NUTRITIOUS AND A CHOLESTEROL REDUCER#,"Good taste and versatility, plus"
br-e02,XX1Z,an appreciable amount of vitamins,,A,and C- about one-tenth of
br-e05,vWDp,"Juniors, parents and guests attended.",,"#MRS. WILLIAM H. LONG, JR. SPEAKS#",After the Juniors were welcomed
br-e05,TK/y,"the flash-bulbs of the photographers"".",""" Take","#RIGHT ATTITUDE ESSENTIAL!# ""Take","away your attitude"", said Mrs."
br-e05,YDwS,"in the years to come""!",,"#HARVEY BARCUS, SECOND SPEAKER#",The second speaker was Harvey
br-e05,z0Xv,Juniors luck in their Class.,,#WESTMINSTER SHOW NOTES#,Instead of 3 a.m. in
br-e05,vaSo,minutes to judge the Class.,,#ANNE HONE ROGERS JUDGES 28TH FINALS#,"This year Anne Hone Rogers,"
br-e05,v9GK,a strenuous test in showmanship.,"Betty Lou Ham,","#INTERNATIONAL CHAMPION OF THE YEAR# BETTY LOU HAM,","age 16, Holyoke, Mass., showing"
br-e05,ImlN,also scored with an Afghan.,"Sydney Le Blanc,","#OTHER WINNERS# SYDNEY LE BLANC,","age 15, Staten Island, N.Y.,"
br-e05,iVxQ,the Breed Classes as well.,,#ENTRIES INCREASING- REQUIREMENTS RAISED#,"In 1960, there were 7287"
br-e05,dNV5,judge in Australia in March.,,#JUDGING CLASS FOR INTERMEDIATES PROPOSED#,It has been suggested many
br-e05,lGet,of great help to them.,,#MORE VOLUNTEER HANDLERS NEEDED TO JUDGE#,Superintendents at dog shows state
br-e05,O09z,to create future dog owners.,,#OTHER AWARDS FOR JUNIORS#,The Airedale Terrier Club of
br-e07,n2Wa,how it can be built.,,#FRAME#,The sizes of pieces needed
br-e07,Kx3R,the position from Fig. 7.,Draw file,#TAPPETS AND LOCKING BARS# Draw-file,No. 1 tappet to a
br-e08,pgd5,general order of their popularity.,,#ENGINE DISPLACEMENT#,A rodder should be able
br-e08,vQUC,different steps will look like,this **f.,this: **f #COMPRESSION RATIO#,A cylinder's compression ratio is
br-e08,fx41,in top dead center position.,,#GEAR RATIO- SPEED RELATIONSHIPS#,There are four versions of
br-e09,9g5A,,-The,"#ORLANDO, FLA., FEB. 2#- The",best 2-year-old pacing mile up
br-e09,hSZO,up to date in 2:46.,-After,"#DEL MAR, CALIF., FEB. 3#- After","52 rainless days, moisture finally"
br-e10,By2E,by holding the handgun steadily.,,"#HUNTING RIFLES, '61#",The fact that the Deerstalker
br-e10,HVVT,easier and faster to operate.,,"#BEGINNERS' GUNS, '61#",A fresh crop of beginners'
br-e10,TZ+w,and type of scattergun too.,,"#SHOTGUNS, '61#",Although there were no startling
br-e10,WoKq,a complete report on it.,,"#HANDGUNS, '61#",Aside from the .22 Jet-
br-e11,MYNM,recipe from the Family Club's,kitchen.,kitchen: #CLUB KEDGEREE#,Flake (for three) a cupful
br-e11,cSoC,it. The original formula goes,thus.,thus: #OMELET ARBOGAST#,Fry in butter a small
br-e11,BG+v,and served with this original,sauce.,sauce: #WRIGHT'S DEVIL SAUCE#,Put into a saucepan a
br-e11,ClkO,"in his ledger, is basically",this.,this: #WRIGHT'S APPLE PIE#,"Peel, core, and slice across"
br-e12,JtN8,your vacation in photogenic America.,Birthplace,#THE NORTHEAST# BIRTHPLACE,"of the nation, the Northeast"
br-e12,9vhU,list for New York City.,,#PHOTOGRAPHING IN THE NORTHEAST#,Some tips for shooting in
br-e12,+E97,"do for bright, frontal sunlight.",The Southern,#THE SOUTH# THE SOUTHERN,"United States, extending from Florida"
br-e12,QWzL,beautiful buildings of the University.,,#PICTURING THE SOUTH#,Foliage is the outstanding photo
br-e12,Qxqa,the Cypress Gardens waterskiing events.,,#THE MIDWEST#,A pleasant start to your
br-e12,6gZr,tourists to visit and record.,,#PICTURES OF THE MIDWEST#,Night scenes will add an
br-e12,NXmQ,"in Hot Springs, April 20-22.",,#THE WEST#,A Western vacation is practically
br-e13,lkOl,"jet, four hours from Rome.",,#START OF TOUR#,Most of the sights lie
br-e13,NbcR,rivalled the Colossus of Rhodes.,,#MAGNIFICENT MOSQUE#,Retracing my steps to the
br-e14,urBb,cool pop in the car.,Spice,#SIMPLE MEAT DISHES# SPICE,is a fact of life
br-e15,nfJV,and firing are not given.,,#EQUIPMENT:#,Basic pottery studio equipment. Wooden
br-e15,zYaw,butter molds and cookie presses.,,#MATERIALS:#,"Ceramic modeling clay: red, white"
br-e15,KQ9j,indicated in the individual instructions.,,#GENERAL DIRECTIONS:#,"Use well-wedged clay, free of"
br-e15,+EdZ,or cloth to prevent warping.,,#RECTANGULAR TILES#,"(opposite page, right top): Stoneware"
br-e15,XpXI,fired once to cone 05.,,#ROUND PLAQUE#,"(opposite page, bottom): White clay"
br-e15,xaLX,were used. No further firing.,,#PAPERWEIGHT#,"(opposite page, top left): Red"
br-e15,tMMW,fired to cone 05. Unglazed.,,#JARS WITH LIDS#,"(opposite page, top left): Remove"
br-e15,eCcJ,they were fired to cone,06 - 05.,06-05. #LITTLE FOLKS SET:#,(Made from modern wooden molds
br-e15,dWYU,antique finish. Fired to cone,06 - 05.,06-05. #CHANGING COLORS#,When changing from one color
br-e15,SUJn,before measuring length at center.,,#MEASURING ARMHOLE#,Mark row on which first
br-e15,8N48,or stitch to be marked.,,#BACKSTITCHING SEAM#,Most seams are sewn with
br-e15,tBXE,fullness evenly around. Backstitch seam.,,#WEAVING SEAM#,"Straight vertical edges, such as"
br-e17,/3kN,the capabilities of the handyman.,,#THE THEORY#,The idea behind our design
br-e17,y3BO,finishing touches at your leisure.,,#A WARNING#,Due to the fact that
br-e17,PQBK,cost from our Plans Department.,,#THE SITE#,Some general things to look
br-e17,jZs0,up alternative foundations later on.,,#THE MATERIALS#,With this first issue we
br-e17,/emV,bit instead of the work.,,#SET-UP AND MAINTENANCE#,The drill press should be
br-e17,iJI8,"tension, counter-clockwise will increase it.",,#DON'T LOSE THE CHUCK KEY#,Some manufacturers have had the
br-e17,fiWK,way when not in use.,,#FEEDS AND SPEEDS#,Drill speeds are important if
br-e17,MPPw,easily at an even rate.,,#COMMON DRILLING TOOLS#,There are numerous types and
br-e17,mU1A,well out of the way.,,#SIMPLE HOLE DRILLING OPERATIONS#,When drilling all the way
br-e19,uFRc,may profit from our experience.,,#WHERE TO PUT IT#,"Position may not be everything,"
br-e19,xzUe,were both unexpected and unsettling.,,#OUR BOOK OF ETIQUETTE#,"After the first few weeks,"
br-e19,Ru28,"too, for the very young.",,#PRESERVING LIFE AND LIMB#,"Safety rules, of course, are"
br-e19,ryGn,appreciated in a future crisis.,,#PRESERVING THE POOL#,A sudden high rise in
br-e21,JByr,Many things need to be,checked.,checked: #SIZE AND SHAPE#-,The size of the area
br-e21,jYGy,strips within the park unit.,,#ADJOINING AREAS#-,The values of the site
br-e21,tB2l,or water to the site.,-Topography,#TOPOGRAPHY#- Topography,is very important. Check the
br-e21,nSoC,water to the use areas.,-The,#PLANTS#- The,existing plant growth calls for
br-e21,isTs,of open areas is noted.,-How,#EXPOSURE#- How,"much will wind, rain, sun,"
br-e21,5rq8,desirable for the use intended.,-Some,#IMPROVEMENTS#- Some,areas may already have been
br-e24,xOdF,but about 1930 it was,,dropped,in favor of games. The
br-e24,iGXY,own is the baseball throw.,,#THE CHINNING BAR#,For arm and shoulder strength
br-e24,l9GE,the whole family at home.,,#THE HORSE KICK#,"Arm, shoulder, chest, upper and"
br-e24,4/XJ,kicking as high as possible.,,#PUSH-UPS#,"Push-ups are essential, but few"
br-e24,yxGM,the strength for one push-up.,,#HANDSTANDS#,"Handstands come after arms, chest"
br-e24,9kSB,foot lands at a time.,,#BACKBENDS#,The backbend is of extreme
br-e24,iY+N,handstand to provide a walkover.,,#BACK CIRCLE#,"To further increase back flexibility,"
br-e24,dE8R,distance between toes and head.,,#SOMERSAULTS#,The last essential to the
br-e25,3fu5,new tools in medical research.,,#ULTRAVIOLET MICROSCOPY#,"Many cells, bacteria, and other"
br-e25,IS0Q,in advancing and perfecting it.,,#BREATHING- ELECTRONICALLY ANALYZED#,"The medical title of ""Lobar"
br-e25,XauL,hitherto unknown accuracy and detail.,,#HEART-MEASURING TECHNIQUES#,The original electrocardiograph primarily indicates
br-e25,yv3v,"pressure, and effective heart power.",,#RADIO-TRANSMITTER PILLS#,Several years ago headlines were
br-e25,U7mx,are planned for future experiments.,,#SONAR IN MEDICAL RESEARCH#,One of the most gratifying
br-e26,lz4I,was accepted in chemical practices.,Han's student days,#FERMENT OF SCIENTIFIC ACTIVITY# HAN'S STUDENT DAYS,were at a time when
br-e26,ZPgt,first demonstration of his discovery.,The association,#DISCOVERY OF ELECTROMAGNETISM# THE ASSOCIATION,between electric (both electrostatic and
br-e27,6fV2,use on the feed tag.,,#HERE'S YOUR FEED ADDITIVE GUIDE FOR RUMINANTS:# #DRUG'S CHEMICAL NAME:# Oxytetracycline hydrochloride (Terramycin),Increases rate of gain and
br-e27,+0Np,feed 50 grams per ton.,,#DRUG'S CHEMICAL NAME:# Chlortetracycline (Aureomycin),"Increases gains, improves feed efficiency,"
br-e27,cpFV,80 milligrams per head daily.,,#DRUG'S CHEMICAL NAME:# Dynafac,An aid in getting cattle
br-e27,pF9/,lambs on full feed earlier.,,#DRUG'S CHEMICAL NAME:# Diethylstilbestrol,Increases rate of gain and
br-e27,iLzk,medication 48 hours before slaughter.,,#DRUG'S CHEMICAL NAME:# Hydroxazine hydrochloride,Improves growth rate and feed
br-e27,B7lZ,milligrams per head per day.,,#DRUG'S CHEMICAL NAME:# Iodinated casein,Drug elevates the metabolic rate
br-e27,ibE4,under breed registry testing programs.,,#DRUG'S CHEMICAL NAME:#,Bacterial and fungal enzymes. (These
br-e27,gVPS,enzyme preparation through feed manufacturers.,,#DRUG'S CHEMICAL NAME:# Ronnel,Effectively controls cattle grubs which
br-e27,fwV3,within 60 days of slaughter.,,#DRUG'S CHEMICAL NAME:# Methyl polysiloxanes,Aids in preventing foamy bloat.
br-e27,EMYF,fed at a higher level.,,#DRUG'S CHEMICAL NAME:# Phenothiazine,"Reduces losses from stomach, hookworm,"
br-e27,zF0H,for 4 days following treatment.,,#DRUG'S CHEMICAL NAME:# Procaine penicillin,Aids in reducing the incidence
br-e27,5Kxb,75 milligrams per head daily.,,#DRUG'S CHEMICAL NAME:# Sodium propionate,For the prevention or treatment
br-e27,9QJi,per day for 10 days.,,#DRUG'S CHEMICAL NAME:# Sulfaquinoxaline,Helps control shipping dysentery and
br-e27,AIoK,for 2 or 3 days.,,#DRUG'S CHEMICAL NAME:# Dried rumen bacteria,Stimulates rumen activity. Incorporated in
br-e27,xzoA,prepared feed at proper levels.,,#DRUG'S CHEMICAL NAME:# Calcium and sodium lactate,Prevents and treats acetonemia (ketosis)
br-e27,Xwn6,until 6 weeks after calving.,,#DRUG'S CHEMICAL NAME:# Promazine hydrochloride,A tranquilizer fed to cattle
br-e27,0pRY,is usually an individual problem.,,#FENCE-LINE FEEDING.#,Animals eat only from one
br-e28,Ixd1,"marketing methods, and marketing management.",,#1. PROBLEMS IN THE MARKET#,There has been an intensification
br-e28,P4bD,compete effectively under changing circumstances?,,#2. PROBLEMS IN MARKETING METHODS#,In the area of private
br-e28,Mk8g,couldn't make up its mind.,,#3. PROBLEMS IN MARKETING MANAGEMENT#,There is a shortage of
br-e30,nQQM,signed by American Motors Corporation?,,#INSURANCE#,Do your employees understand all
br-e30,HDfh,to fully company paid) programs?,,"#HOLIDAYS, TIME OFF, OVERTIME#",Do you protect your holiday
br-e30,glao,total employment obligation is minimized?,,#PLANT FEEDING FACILITIES#,Have you considered using vending
br-e30,gBb4,for company meetings or discussions?,,#RECREATION FACILITIES#,Are your expenses in this
br-e30,FmtZ,help pay for your program?,,#TRANSPORTATION AND PARKING#,Do you know the trend
br-e30,IFBD,assigned to other productive work?,,#PAID VACATIONS#,Which is more economical for
br-e30,R5Xo,receipts during vacation shutdown periods?,,#RETIREMENT#,Is an arbitrary retirement age
br-e30,JX2y,for older or disabled employees?,,#MEDICAL AND HEALTH#,Can you share medical facilities
br-e30,qdbc,what it is costing you?,,#A PROGRAM TO FIT YOUR NEEDS#,Consider what you can afford
br-e30,OABT,They're asking for union trouble.,,#COMMUNICATIONS#,If you want credit for
br-e30,AECv,"package, for example, costs $227.72.",,#INSURANCE#,Have the insurance company or
br-e30,knI3,working life or during retirement.,,#SPECIAL TIME OFF#,"In granting bereavement leaves, specify"
br-e30,STJ4,milk bill by milk drinkers.,,#RETIREMENT POLICIES#,Keep the retirement age flexible
br-e30,BAbW,to stay on the job.,,#HOLIDAYS#,Make sure you don't pay
br-e30,Y4v/,This cuts the absentee rate.,,#EATING FACILITIES#,Consider using vending machines rather
br-e30,BSPf,production minutes with a change.,,#VACATIONS#,Spread your vacation period over
br-e31,f3U9,easy and their sleeping comfortable.,,#MORE CAMPERS THAN CAMPSITES#,Harassed state park officials often
br-e31,Uc5V,family experience of lasting importance.,,#WHY THEY KEEP COMING#,There are a half dozen
br-f01,ab8P,probably have gone like this:,,**f,Primary stresses on emeralds and
br-f01,H2TU,usual U.S. norm would be:,,**f,"Middle pitches, slight pause (juncture)"
br-f01,CH6g,are evidenced by this style:,,**f,Note the drop to pitch
br-f01,aeGm,mom's apple pie goes with:,,**f,"In other words, the way"
br-f01,+MyV,Five Minutes) goes like this:,,**f,The therapist's level tone is
br-f03,aC5G,weird feeling as the deja,vu,vue,"(already seen) illusion, just as"
br-f03,C2c9,have an instance of deja,"vu,","vue,",except for the fact that
br-f03,Rqc7,that weird feeling of deja,"vu,","vue,",inevitably fantastic though that theory
br-f03,2Wum,source of the weird deja,vu,vue,feeling. No doubt some experiences
br-f03,/zkK,notably frequent instances of deja,"vu,","vue,",in which our recognition of
br-f03,giUI,corps of psychologists. If deja,vu,vue,"is an illusion, then peculiarly,"
br-f03,lutp,was a victim of deja,vu.,vue.,But the famous orator felt
br-f04,S8Sh,the development of the mind.,,#IMPROVED FARMING METHODS#,The concept of good nutrition
br-f04,8L1Y,the children liked it better.,,#HOMEMADE BREAD#,"Mrs. Clark, as house manager,"
br-f04,0c/8,ruefully eyeing her extra pounds.,,"#HOT, FRESHLY-GROUND CEREAL#",The school has not used
br-f04,CRcz,"cereal he likes so much""?",,#BODY-BUILDING FOODS#,Salads are served at least
br-f04,lL0F,in the shortest time possible.,,"#WHOLESOME SNACKS, NO CANDY#",Since Mr. Clark believes firmly
br-f04,4cll,"and nuts, but no candy.",,#NOURISHING MEALS#,Mr. Clark believes in a
br-f04,9ATw,under one dollar a day.,,#OUTDOOR EXERCISES#,Even before he saw the
br-f04,Vs2t,skating sports and overnight hiking.,,#HEALTHIER CHILDREN#,Since the change to better
br-f05,WcHj,from the St. John field.,,"Are you retiring now? If so,",
br-f07,y89P,"Form, Kenneth Clark declares: """,he,The,"human body, as a nucleus,"
br-f11,F8NV,is it likely to cost?,Occlusion,#TOOTH FIT EXPLAINED# OCCLUSION,is the dentist's expression for
br-f11,9tAq,erupt in the wrong place.,Every,#CORRECTION CAN SAVE TEETH# EVERY,orthodontist sees children who are
br-f11,kA65,a speech handicap as lisping.,"""Most","#THE WHEN AND HOW OF STRAIGHTENING# ""MOST",orthodontic work is done on
br-f11,KAxE,or three years to correct.,The,#WHAT IS THE COST?# THE,charge for a complete full-banded
br-f11,55Qy,for children of needy parents.,Growth,#RESEARCH HELPS FAMILIES# GROWTH,studies have been carried on
br-f11,rtvC,least discomfort to a child.,As,#PREVENTION IS BEST# AS,"a rule, the earlier general"
br-f13,t0MS,"job, and a physical conditioner.",,"#LAND, LABOR, AND EQUIPMENT NEEDED#",Part-time farming can take comparatively
br-f13,TVcP,machine to do the work.,,#SELECTING A FARM#,Before you look for a
br-f13,0F87,cost of making these improvements.,,#BUYING A FARM# The value of the farm to you will depend on-,Its worth as a place
br-f18,fCoX,"ink, so I will close"".",,"#3,#",The most common type of
br-f21,XqAV,Catastrophe by L. Don Leet.,,#THE RESTLESS EARTH AND ITS INTERIOR#,At twelve minutes after five
br-f23,Uh3Y,absence of Soviet Communist power.,,#THE USES OF POWER#,"This much having been said,"
br-f23,GwRm,disposed to exploit their advantage.,,"#U.S. ""PRESTIGE""#",The other charge was that
br-f23,B4wF,than it used to be?,,#COMMUNIST GAINS#,"In answering these questions, we"
br-f23,f2ag,"England, and even in Germany.",,#OPPORTUNITIES MISSED#,What have we to show
br-f24,xuZF,"to the roof and see"".",,#GUNFIRE SAVES THE MOON#,By 7:50 the answer was
br-f24,J74S,as Oregonians are from Patagonians.,,#LIFE MUST BE KEPT IN HARMONY#,"""What matters here is family"
br-f24,HFdc,Laos was just about impossible.,,#PRIME MINISTER MOVES FAST#,"Alas, so it almost proved"
br-f24,4Cc0,was eager to be off.,,#PRINCE WEARS TEN-GALLON HAT#,"And so, after a flight"
br-f24,LN3+,his residence at Pak Song.,,#STRINGS KEEP SOULS IN PLACE#,"In the village of Soukhouma,"
br-f25,8+Kp,vast army of the nonobservant.,,#THE OLDER TEENS#,One of the significant things
br-f25,+86j,the college girl as immature.,,#THE LOWER-MIDDLE CLASS COLLEGE STUDENT#,One of the reasons for
br-f33,iplQ,of inequality in the South.,,#VOCATIONAL EDUCATION#,I should like to underline
br-f43,jmsq,in the most inept hands.,,#NARRATIVE TIME AND FILM TIME#,"Melies, however, out of his"
br-f43,URqM,peculiarly cinematic elements of narrative.,,#THE CREATOR OF THE ART OF THE FILM: D.W.GRIFFITH#,There still remained the need
br-f44,f+B1,the recruitment of new members.,,#MISSION AS CO-OPTATION#,The rule of economic integration
br-g04,g/lL,his odd air of dignity.,Seeing,#THE FAMILY AT THE BOULDER# SEEING,an aborigine today is a
br-g08,He0W,,,#TOBACCO ROAD IS DEAD. LONG LIVE TOBACCO ROAD.#,Nostalgic Yankee readers of Erskine
br-g10,+MM9,"executive, legislative and judicial branches.",,#THE DIFFERENCE BETWEEN CONFEDERACY AND FEDERAL UNION IN 1861#,Many believe- and understandably- that
br-g10,6hmQ,"no coerced association"", but this",remained,reremained,"so doubtful that ""there were"
br-g10,P+bx,"the people, for the people"".",,#THE TRUTH ON EACH SIDE WON IN THE CIVIL WAR#,The fact that the Americans
br-g11,VJi6,our fear of each other.,,"#3,#","I want, therefore, to discuss"
br-g16,JYsj,reasons to be stated hereafter).,,#THE MIMETIC IMAGINATION IN THE ARTS#,"The word ""mimesis"" (""imitation"") is"
br-g20,mkj1,be discussed for illustrative purposes.,,#NETWORKS ILLUSTRATING SOME SPECIAL TYPES OF ORGANIZATION#,Presumably a cocktail party is
br-g22,Lz8x,there despite years of energetic,"anti American propaganda "".","anti-American propaganda"" #CORPORATIONS NOW OUTMODED#",Perhaps the public's present attitude
br-g22,Q1K8,the desired goods and services.,,#PROPRIETORSHIP#,Avoiding runaway technology can be
br-g22,u9wU,expect to abolish it internationally?,,#ONE KIND OF PROPRIETORSHIP#,These proposals would go far
br-g31,nm9l,pleasant house on Lombard Street.,""" We've got","#1880S: ""LITTLE WOMEN""# ""WE'VE GOT",Father and Mother and each
br-h01,SQ7N,"Government Printing Office, Washington 25,",D.C. .,D.C.. #TECHNICAL ASSISTANCE TO SMALL BUSINESS COMMUNITY#,The Small Business Administration (SBA)
br-h01,GRk8,"Government Printing Office, Washington 25,",D.C. .,D.C.. #LOANS#,SBA makes loans to individual
br-h01,NsSB,Credit System ( Circular No.,36 - A).,36-A). #MINERALS EXPLORATION#,To encourage exploration for domestic
br-h02,4eI6,of the country's development program.,,#D. ENCOURAGING SELF-HELP#,A systematic approach to development
br-h02,+Jad,reduction and ultimately to termination.,,#E. ENCOURAGING A LONG-TERM APPROACH#,The most fundamental concept of
br-h03,0UhY,"who has been running it,","Sam Rayburn "".","SAM RAYBURN"". #GENERAL LEAVE TO EXTEND#","Mr. Speaker, I ask unanimous"
br-h03,0p1s,Massachusetts? There was no objection.,,#REMARKS OF HON. JOSEPH P. ADDABBO OF NEW YORK#,It is notably significant that
br-h03,3krI,here for years to come.,,#REMARKS OF HON. WAYNE L. HAYS OF OHIO#,It is a matter of
br-h03,+A1V,can ill afford to lose.,,#REMARKS OF HON. MELVIN PRICE OF ILLINOIS#,All but two of my
br-h03,CJ+g,record he sets here today.,Sam Rayburn,#REMARKS OF HON. JOHN S. MONAGAN OF CONNECTICUT# SAM RAYBURN,is one of the greatest
br-h04,0cjK,in administration and/or audit control.,,#ORIGIN OF STATE AUTOMOBILE PRACTICES#,It is difficult to pinpoint
br-h04,g6WX,be covered in detail later.,,"#VEHICLE PURCHASE, ASSIGNMENT, AND USE POLICIES#",Probably the most important of
br-h05,Xnwp,,,#THE RHODE ISLAND PROPERTY TAX#,There was a time some
br-h05,wkB3,is evident from their replies.,,#BOATS AS PERSONAL PROPERTY#,Interest has been shown for
br-h06,8Jf+,construction projects in Rhode Island.,,_AIDS TO SMALL BUSINESS#,Although much of the Industrial
br-h06,rmCS,training program for electronics personnel.,,#PLANNING DIVISION#,"Stated in its simplest terms,"
br-h07,MyeZ,"property taxes of approximately $450,000.",,#FISCAL YEARS IN OTHER STATES#,A review of practices in
br-h07,tK7d,in relation to fiscal uniformity.,,#FISCAL UNIFORMITY: ADVANTAGES AND DISADVANTAGES#,An excellent summary of advantages
br-h07,Hmp9,on tax anticipation notes indefinitely.,,#ADJUSTING THE FISCAL CALENDARS#,The advantages of a uniform
br-h07,3t2V,are shown in Table 3.,,#METHODS OF FINANCING ADJUSTMENTS#,Aside from the matter of
br-h08,sNxF,,,"#RHODE ISLAND HERITAGE WEEK PROCLAMATION BY JOHN A. NOTTE,JR. GOVERNOR#",The theme of Rhode Island
br-h08,p8rv,the one hundred and eighty-fifth.,Governor.,"Governor #ARMED FORCES DAY PROCLAMATION BY JOHN A. NOTTE, JR. GOVERNOR#",The year 1961 marks the
br-h08,l8wb,the one hundred and eighty-sixth.,Governor.,"Governor #NATIONAL MARITIME DAY PROCLAMATION BY JOHN A. NOTTE, JR. GOVERNOR#",The President of the United
br-h08,POA/,the one hundred and eighty-fifth.,Governor.,"Governor #MISS RHODE ISLAND PAGEANT WEEK PROCLAMATION BY JOHN A. NOTTE, JR. GOVERNOR#",The Miss Rhode Island Pageant
br-h08,lo7L,the one hundred and eighty-sixth.,Governor.,"Governor #UNITED NATIONS DAY PROCLAMATION BY JOHN A. NOTTE, JR., GOVERNOR#",For the purpose of maintaining
br-h08,Q2VX,the one hundred and eighty-sixth.,governor.,"governor #THE STATE BALLET OF RHODE ISLAND WEEK PROCLAMATION BY JOHN A. NOTTE, JR., GOVERNOR#",The ballet originated in Italy
br-h08,GoFw,the one hundred and eighty-sixth.,Governor.,"Governor #PROCLAMATION THANKSGIVING DAY BY JOHN A. NOTTE, JR. GOVERNOR#","As another Thanksgiving draws near,"
br-h10,71yA,Armed Forces Institute of Pathology.,,#ARMED FORCES MEDICAL PUBLICATION AGENCY#,The Armed Forces Medical Publication
br-h11,tGac,the Washington and Boulder Laboratories.,,#2.1.6. ATOMIC PHYSICS#,In addition to the basic
br-h13,N/Ja,"Soviet penetration of our hemisphere"".",,"""#[FROM U.S. NEWS & WORLD REPORT, MAY 8, 1961]#",Look at Castro now- cockier
br-h14,Yy6E,this part of the grant,program.,program: #METHOD OF DISTRIBUTING FUNDS#,In order to assist the
br-h14,sq6U,agencies as they may determine.,,#MATCHING REQUIREMENTS#,As is the case with
br-h14,dMSW,percentage which bears the same,ratio,ration,to 40% as the particular
br-h15,NnWS,for tornado or hurricane protection.,,"#3,. LIVING IN A SHELTER#",The radioactivity of fallout decays
br-h15,OLai,what supplies they would need.,,"#4,. IF AN ATTACK FINDS YOU WITHOUT A PREPARED SHELTER#","Few areas, if any, are"
br-h15,DSxl,"magazines, or other heavy material.",,"#5,. SHELTER IN APARTMENT BUILDINGS#",Large apartment buildings of masonry
br-h16,d0/r,proceedings in the District Court.,,"#2,.#",This Court's judgment was filed
br-h18,yk2q,,,#FOREIGN POLICY IN ITS TOTAL CONTEXT#,With this enlarged role in
br-h18,LJh+,get suggestions for remedial action.,,#THE PROBLEMS OF A POLICY OFFICER#,It occurred to me that
br-h18,AB0D,another dimension to the problem.,,#RESPECT FOR THE OPINIONS OF MANKIND#,What type of action can
br-h21,ZQ+g,to all-out nuclear general war.,-This,#FORCES AND MILITARY PERSONNEL STRENGTH.#- This,budget will provide in the
br-h21,J6CS,of our national security objectives.,-About,#MILITARY PERSONNEL COSTS.#- About,30% of the expenditures for
br-h21,aN0A,and active duty pay rates.,-Expenditures,#OPERATION AND MAINTENANCE.#- Expenditures,for operating and maintaining the
br-h21,NuyV,its early enactment is desirable.,-Approximately,"#PROCUREMENT, RESEARCH, AND CONSTRUCTION.#- Approximately",45% of the expenditures for
br-h21,DmEK,production or to abandon it.,-The,#STRATEGIC FORCES.#- The,deterrent power of our Armed
br-h24,276d,(See Chapters 30 through 37.),,#2. MINORS MINORS MUST ALSO FILE RETURNS IF THEY EARN $600 OR MORE DURING THE YEAR.#,A minor is subject to
br-j01,FVre,,It has,#1. INTRODUCTION# IT HAS,recently become practical to use
br-j01,3L6R,centimeter- and decimeter wave-length range.,,#2. THE MOON#,Radio observations of the moon
br-j02,Mobn,,,#ABSTRACT#,Experiments were made on an
br-j02,wBvH,at various mass flow velocities.,,#INTRODUCTION#,The high heat fluxes existing
br-j02,JaMW,by numerous investigators (Ref. 3).,,#EXPERIMENTAL APPARATUS#,Figures 1 to 3 show
br-j02,hyIQ,used to start the arc.,,#EXPERIMENTAL PROCEDURE AND ERROR ANALYSIS#,The anode holder shown in
br-j04,gbMa,in **f remains in doubt.,The,#INTRODUCTION# THE,magnetic moment of an unpaired
br-j04,Udrc,the **f bond in **f.,,#**F BOND IN **F#,Theoretical studies of the hydrogen
br-j04,gr/Y,symmetrically (1) or asymmetrically (3).,,#EXPERIMENTAL PROCEDURES#,Douglass prepared his sample of
br-j04,exmr,found from electron microscopic examination.,,#NUCLEAR MAGNETIC RESONANCE (NMR) MEASUREMENTS#,The magnetic resonance absorption was
br-j05,F9Jl,are discussed in Chapter 28.,,#THE CLEANING PROCESS#,Cleaning or detergent action is
br-j05,lLPC,in a number of papers.,,#PHYSICAL CHEMISTRY OF WASHING#,Although there is no question
br-j06,yL8w,by bimolecular radical combination reactions.,,#INTRODUCTION#,Because of the simplicity of
br-j06,LDsB,chlorine atoms from carbon tetrachloride.,,#EXPERIMENTAL#,Matheson highest purity tank chlorine
br-j06,miPL,**f in **f and **f.,,#RESULTS#,In studying the liquid phase
br-j07,ORgq,meteoritic impacts upon the moon.,,#5.3 DIRECT MEASUREMENTS OF MICROMETEORITE FLUX#,One cannot make a very
br-j07,19uI,distribution would not be expected.,,#5.4. INDIRECT INDICATIONS OF MICROMETEORITE FLUX#,A measure of the total
br-j08,oKeo,,,#BIOLOGICAL WARFARE#,Biological warfare is the intentional
br-j09,/qMC,Rh systems have been described.,,#MATERIALS AND METHODS#,Serum samples were obtained from
br-j09,saC/,methods will be described below.,,#EXPERIMENTAL AND RESULTS#,The insoluble material which precipitated
br-j11,Lx/O,about the age of two.,,#MAXIMUM LENGTH#,Oversized monsters are never brought
br-j11,ywLm,in the section that follows.,,#GROWTH OF THE SIX GIANTS#,Discussions of the giants one
br-j12,PoHz,terminal bronchiolar level (fig. 26).,,#DISCUSSION#,It is evident that many
br-j12,WEkF,any other presently known species.,,#SUMMARY#,The main subgross anatomical features
br-j14,mIRT,"organification, or accelerate thyroglobulin proteolysis.",,#B. THE THYROID-STIMULATING HORMONE#,The name thyroid-stimulating hormone (TSH)
br-j14,CfBo,further information on the subject.,,#1. CHEMICAL CONSTITUTION AND PHYSICAL PROPERTIES OF PITUITARY TSH#,As long ago as 1851
br-j15,kPNe,steroids for a refractory anemia.,,#REPORT OF CASE#,This patient was a 65
br-j15,mctt,"went into shock, and died.",,#FINDINGS AT NECROPSY#,The body was that of
br-j16,GOdY,between specific and nonspecific fluorescence.,,#RESULTS#,In the first few experiments
br-j16,oU8r,detectable amounts of WTV antigen.,,#DISCUSSION#,In both the direct and
br-j17,zfnI,the scope of this paper.,,"#13,. HYPOTHALAMIC BALANCE AND ITS SIGNIFICANCE#",After this brief discussion of
br-j17,YGhW,increase in the parasympathetic reactivity,,of,this structure to direct and
br-j17,gJAM,"pharmacological action, or clinical processes.",,"#14,. ON THE PHYSIOLOGICAL BASIS OF SOME FORM OF PSYCHOTHERAPY#",The foregoing remarks imply that
br-j17,WSdz,"based on, this marked difference.",,"#15,. CONCLUDING REMARKS#",In our attempt to interpret
br-j18,m7YW,,,#6.4. THE PRIMARY DECOMPOSITION THEOREM#,We are trying to study
br-j18,D9Hi,special case of this theorem.,,#THEOREM 12. (PRIMARY DECOMPOSITION THEOREM).#,Let T be a linear
br-j18,NUT4,polynomial for **f is **f.,,#COROLLARY.#,If **f are the projections
br-j18,0s/4,on the range of **f.,,#DEFINITION.#,Let N be a linear
br-j18,oAeH,integer r such that **f.,,#THEOREM 13.#,Let T be a linear
br-j18,nQB8,see that **f and **f.,,#COROLLARY.#,Let V be a finite
br-j18,LtHO,is not purely linear algebra.,,#EXAMPLE 11.#,"In the primary decomposition theorem,"
br-j19,p6Ud,,,#7-1. EXAMPLES OF BINOMIAL EXPERIMENTS#,Some experiments are composed of
br-j20,P6wm,can now prove several lemmas.,,#LEMMA 1.#,In some neighborhood in the
br-j20,H1rd,sequence of isolated tangent points.,,#LEMMA 2.#,In some neighborhood of an
br-j20,GZW1,t plus an odd number.,,#DEFINITION.#,The number of ordinary values
br-j20,guZq,called its multiplicity at t.,,#LEMMA 3.#,The graph of f has
br-j20,01l0,the ordinary values of **f.,,#LEMMA 4.#,The values **f are the
br-j21,c1TQ,,,#INTRODUCTION.#,In 1 we investigate a
br-j21,j4Sr,so far been found possible.,,#1.#,Let Q be a nonsingular
br-j21,cJnC,"field of lines, namely **f.",,#2.#,The preceding observations make it
br-j22,+l7b,stable and forward-moving world community.,,#TRANSITIONAL SOCIETIES#,When we look at countries
br-j22,jA4C,necessary to achieve self-sustaining growth.,,#ACTIVELY MODERNIZING SOCIETIES#,At a third stage in
br-j22,h6KU,"the national effort, becoming instead",,more,rigid and inflexible in their
br-j22,rYO9,in frank but friendly ways.,,#THE TIME FACTOR#,We have emphasized that the
br-j23,/NM3,,,"#2,: SOME OF THE MAJOR FUNCTIONS OF RELIGION#",The place of religion in
br-j25,tdnl,have a close consanguineous relationship.,,#SUBSYSTEMS#,The comprehensive or master processes
br-j25,rREm,itself and actually grow larger.,,#MASTER PROCESSES#,Of particular utility in the
br-j26,3RBo,"et de la Main-d'Oeuvre (AIMO,",,**f,"Direction, Direction Generale, Gouvernement Generale)."
br-j26,3RBo,"de la Main-d'Oeuvre (AIMO, Direction,",,**f,"Direction Generale, Gouvernement Generale). Tribal"
br-j28,gczN,test at the .028 level.,,#DISCUSSION#,Individual differences in Kohnstamm reactivity
br-j30,6dLB,major uses of this procedure.,The objective of this chapter,"#CHAPTER 10, SPONTANEITY TRAINING# THE OBJECTIVE OF THIS CHAPTER",is to clarify the distinctions
br-j31,vjua,if I owned her room.,,#4. CONDENSATION:#,Here a variety of meanings
br-j33,TgRT,its object in the second.,-Syllables,#SYLLABIFICATION.#- Syllables,are linguistic units centering in
br-j35,KeVW,doubt ultimately answer the question.,,#5.#,If word classes differ in
br-j35,LoGM,as regards long-term stem displacement.,,#6.#,"In 1960, David D. Thomas"
br-j35,zvg/,of stems **f was **f.,,#7.#,"These findings, and others which"
br-j35,6/FP,reason why we should swerve.,,#8.#,There is no apparent reason
br-j41,2XlB,the equations may be explicit.,,"#1, THE ASSUMPTIONS OF THE MODEL#",The industry with which this
br-j41,TQTT,on which it is based.,,"#2, THE OPERATION OF THE MODEL#",It is convenient to assume
br-j54,tTMe,Aegean stood on firm ground.,The landscape,#CHAPTER 5 THE EARLY EIGHTH CENTURY# THE LANDSCAPE,"of Greek history broadens widely,"
br-j56,7e49,sewage to its main streams.,Manchester's,TELEPHONE AND TELEGRAPH# MANCHESTER'S,unusual interest in telegraphy has
br-j56,TsxR,were up seventy per cent.,Electricity,ELECTRIC POWER# ELECTRICITY,plays such an important part
br-j60,9Ekn,"diagnosticians, is actually upon us.",,#4. SUBURBS AND NEGROES#,"In their book American Skyline,"
br-j70,XY7v,treatment in a smaller volume.,,#RED BRIDGE SUBDIVISION#,With the development of the
br-j70,hFA7,treatment for the additional development.,,#PILOT LAGOON#,The lack of adequate data
br-j70,BY7T,through a surface drainage ditch.,,#ANALYSES#,Composite samples were collected at
br-j70,w8ab,pattern and characteristics were typical.,,#PILOT PLANT OPERATIONS#,The BOD of the influent
br-j70,MG8V,very low during this study.,,#MICROSCOPIC EXAMINATION#,Routine microscopic examinations were made
br-j70,WSOO,of a high bacterial population.,,#OXYGEN TRANSFER#,One of the important aspects
br-j70,gCQV,rather than through the surface.,,#OXIDATION POND#,During this study septic conditions
br-k01,peWm,,Scotty,#THIRTY-THREE# SCOTTY,did not go back to
br-k01,o4RF,tired and full and calm.,The,#THIRTY-FOUR# THE,"days seemed short, perhaps because"
br-k02,mdRp,a knowledge imprisoned in speechlessness.,,-,In France he had puzzled
br-k04,fX6U,putting white houses of prostitution,,with,colored girls in colored neighborhoods
br-k05,smQY,he knew it was not.,,"#7,#",Wilkes was quite right about
br-k06,xcrr,"by and repeated, ""Po' Chavis""!",,#CHAPTER 6#,Bong! Bong! startled him awake.
br-k12,2bGR,"know, Fritzie. I should have"".",,#TUESDAY#,The heat intensified on Tuesday.
br-k14,Lbmk,his thinking. Carving was action.,,#10.#,The arrangement with Argiento was
br-k16,X2EQ,The Sons were out tonight.,,#CHAPTER 10#,New York lay bleaching in
br-k20,ujHe,"""I promised him I wouldn't"".","Winter came,","#CHAPTER 9# WINTER CAME,",and with it Mary's baby-
br-k21,f8No,methodically tearing at his thumbnail.,The bombproof,9 THE BOMBPROOF,was a low-ceilinged structure of
br-k25,0hZ+,occasionally used up and down,,in,front of his house. He
br-k25,Upiy,"to, mad at their both",,having,got older in a life
br-k29,GBXA,"games, and Jessica and I",,were,called on to kiss in
br-l01,hPtP,figment of Carl Anderson's imagination.,,#FOUR#,I had come to Chicago
br-l06,Gjuw,was cold in the lobby.,,12#,It seemed to him that
br-l07,+B2Z,air conditioner couldn't quite dispel.,,#CHAPTER FOURTEEN#,In a tour around the
br-l12,jQca,"microphone for support. ""Lullaby and","goodnight"".","goodnight"" His",voice shook. For the first
br-l13,LFPU,those cops turn around! They'll,,they'll,"think I did something"". He"
br-l13,rOvw,"to. They found some clothes"",",she.,she tossed in.,"""What""? Deliberately, she ignored the"
br-l13,mkmV,"I'd better wait until five"".",""" No.","""No o o.","Come home right away"". She"
br-l16,b5YH,for a careful look around.,,#3#,But Hoag had not stayed
br-l16,P/LG,"wall, and started to retch.",,#4#,After Captain Docherty sent Arleigh
br-l17,qltH,known Urbano Quintana by day.,,#TEN#,Sol Phillips had purchased the
br-m01,4qc7,"art God""! ""We grok God"".",,"#25,.#",On Mars humans were building
br-m02,crIG,"again speak to each other"".",The,#5# THE,Gabriel pointed towards her destination
br-m03,dHsD,"moment, the treaty was off.",Langer would have,#STERN CHASE 10# LANGER WOULD HAVE,"to be headed off, whether"
br-m04,bbPg,down enough for him to,dispel,dispell,fatigue poisons. Occasionally he fell
br-m04,ss1F,his mates stirred without waking.,Ekstrohm,"#2,# EKSTROHM",was startled in the morning
br-m06,+YOf,her gesture none the less.,,"#4,#","The years, if they were"
br-n02,+Nhj,"the house, into the darkness.",They rode,#THIRTY-FIVE# THEY RODE,at a measured pace through
br-n02,r2a7,others at a safe distance.,In the,#THIRTY-SIX# IN THE,cold dawn the mist swirled
br-n04,4oZN,"dodge out in this country,","rev ' rend"".","rev'rend"". #28. ATTACK#",Gray Eyes attacked our camp
br-n05,T1r6,worse before they got better.,,#2#,They had the house cleaned
br-n07,GpNG,"get the boy. Let's ride"".",Barton's men cut,#CHAPTER TWO# BARTON'S MEN CUT,the telegraph wires in half
br-n14,glcp,his loot had been found.,,#14#,"""By golly, Stevens! You were"
br-p01,hxXD,was determined to hold out.,,#2#,The Old Man's son threw
br-p03,Tu6y,"to Brace but ""To Tolley""!",Mr. Robards -,#42# MR. ROBARDS-,Jenny was the only person
br-p05,2Ix0,blood is thicker than water.,,"#2,#",Doc Doolittle's scheduled appearance at
br-r04,xO6e,treacherous encroachment of the dawn.,At least he could buy the,#24# AT LEAST HE COULD BUY THE,equipment for his workshop. Thus
br-r05,OM/I,,,#AMBIGUITY#,Nothing in English has been
